Left Upper Arm,Left Lower Arm,Right Upper Arm,Right Lower Arm,Left Thigh,Left Lower Leg,Right Thigh,Right Lower Leg,Left Eye to Nose,Right Eye to Nose,File Name
355.5670191401498,252.1033361887484,317.5911252967745,252.98788498455684,,,,,61.67442944474038,34.76081939728154,p000_1234.png
382.4110688268695,,389.5893530278002,,389.6712847533584,,,,64.75864776932191,69.5899505922301,p000_27182.png
390.2770387811881,,386.08603141532114,179.4359791279692,,,,,69.7828467591545,74.70979716330521,p000_31415.png
321.9807012298263,248.47470956587367,345.2568286667608,238.8924308870408,,,228.75399564112692,,65.29141250495223,46.349517294843025,p000_42.png
358.6827548065366,276.25116769744596,349.47683291876376,203.61978195959745,,,275.88326155558224,,60.58686439271571,62.34430003047408,p000_8675309.png
274.3041008774169,223.52606176887298,256.4655928026715,239.01825409567275,,,,,51.96644762413145,32.67518834500334,p001_1234.png
377.142142109663,,376.1932344642579,,,,,,64.8309382115114,63.46223750071333,p001_27182.png
367.25878165011505,198.65861456642867,376.6731744643127,,,,,,64.75216254265723,67.46067727019393,p001_31415.png
395.75323377507874,,378.48773128637015,,,,,,65.59570377822949,65.57354655681401,p001_42.png
346.5585651185855,248.28420436432333,353.7099865870201,228.37590376206182,,,,,59.95720524145275,60.326517807384924,p001_8675309.png
457.0476769512525,363.63211329728847,,,,,,,83.71449861835792,89.79785017832083,p002_1234.png
,,361.79330080788753,,,,,,94.7447267648041,91.08601242304138,p002_27182.png
,,398.0010757525893,321.10250366416085,,,,,46.61295611491328,75.68987891603118,p002_31415.png
,,,,,,,,105.28418187196529,101.15873884474611,p002_42.png
449.9670873786077,395.2609445939413,406.45516365550566,198.95512247619237,,,,,,,p002_8675309.png
440.35249880314774,,351.83711267546624,,,,364.6158377842091,,81.86576458301305,47.91084530088625,p003_1234.png
439.3028652057366,,434.0228101663127,,,,,,84.56866539552946,86.45855095947125,p003_27182.png
520.4404661507351,,498.6569555555694,,252.4773142232885,,373.2790536037773,,,35.461709663209675,p003_31415.png
473.8501309822798,,441.7291514722808,,,,,,79.42394156301748,54.70579694907313,p003_42.png
418.70523935616524,356.61392462178003,334.8694478382566,203.34099942946816,,,265.42703152021676,,66.88039800892683,49.8424100052425,p003_8675309.png
366.8876589435375,192.82136491389323,375.60016796487673,211.80347137143636,,,,,66.70123934023133,41.35306518161376,p004_1234.png
423.23426902963547,,412.92287626727244,,,,,,71.8241328560293,72.810536762219,p004_27182.png
476.62320225224465,,468.1455170682068,,,,,,79.74574656176242,80.08453074652944,p004_31415.png
404.38097834384035,,376.039152674737,,,,,,69.23461312402613,67.57928083467179,p004_42.png
358.83976763032325,198.531323966303,365.7147402208387,209.71109680549677,,,,,57.61778712117711,59.91117692573491,p004_8675309.png
,,,,,,,,,,p005_1234.png
,,353.5680828994689,,,,,,85.70474334940245,105.9346647221247,p005_27182.png
736.106610598573,,,,,,,,71.10983826115663,119.57991013482456,p005_31415.png
,,,,,,,,114.15200287825527,104.94101217957473,p005_42.png
547.9571841027499,,477.879042383305,321.1958917448473,,,,,72.10817421243165,51.85463335502191,p005_8675309.png
292.9339836373653,249.56778724496246,271.4686535249496,155.06345295317172,,502.5498131207688,,,51.784446906174686,41.568054864090726,p006_1234.png
319.9299308896911,218.3644649685437,311.14048041315385,212.77957584935012,289.79597607963564,,316.29428267671005,,52.79077079455773,54.425002736374765,p006_27182.png
370.75337381847254,235.09222454558224,358.25385284721096,223.68408552753658,208.0184621963665,,213.26332069916813,,55.35419250784482,56.95587916437469,p006_31415.png
375.60328161026223,233.15160807168877,354.7517696863249,245.2602353781901,,,155.49605624218705,,64.95080725109506,60.97764187400333,p006_42.png
346.60994142497265,210.40308577037575,347.6951718497044,228.2728449919925,249.46084271691663,,266.2806010076711,,57.73974292865264,62.16993785132533,p006_8675309.png
270.4257064614278,222.88432561688577,261.46857349155385,230.29967685832113,,,,,47.790561034796674,28.730464585610672,p007_1234.png
381.96840234960194,,371.60984931112057,,,,,,57.89323281192947,59.31591812613734,p007_27182.png
400.36892612534683,,397.06185575195366,,,,,,69.93123278602837,68.77977114922965,p007_31415.png
375.32325272984605,,369.0571375854883,,,,,,60.68300984414639,64.81778384556382,p007_42.png
358.2086995003784,198.07278474645165,373.00775115251696,,,,,,54.629294591325845,58.99971558223443,p007_8675309.png
521.3408099757665,,,,,,,,110.33154319977609,101.40976356960104,p008_1234.png
,,409.29081874852193,,,,,,78.92608496733949,85.87623132566868,p008_27182.png
,,327.444329280052,,,,,,40.32819922224761,75.684527532632,p008_31415.png
,,455.32570072219136,,,,,,124.81983132965787,109.39793283010935,p008_42.png
,391.6664880413356,418.2147594108368,,,,,,,,p008_8675309.png
281.48742667503046,263.6032500095329,284.1251339715298,258.6034735047735,170.26234751674264,,191.93344945326132,,51.58832111659401,31.812114577201687,p009_1234.png
354.12638267193546,183.5138271768252,344.2324078600416,200.57250582257112,382.49014830851615,,319.1000427445181,,64.65313332297879,66.19969593337414,p009_27182.png
376.3192725982917,193.52720538150814,380.97962825167104,187.87542168724923,256.25829434262675,,,,62.317274278811354,66.46166566634751,p009_31415.png
366.77718097322435,,391.95314733157613,,,,230.31477315675156,,70.29422895182323,50.911548729214886,p009_42.png
361.685033912633,283.94199924789774,356.32632496665985,264.7360307635074,177.762629736961,,230.96985759963374,,58.102075672499396,61.24228517799702,p009_8675309.png
271.1524701479167,225.00766828908218,257.8987417932544,229.3748463057516,,,,,53.85477024456832,32.827714132198054,p010_1234.png
362.18877782197677,,360.2666377919348,,,,,,62.265805876124176,61.68310054919093,p010_27182.png
305.2222510019134,151.25245693297188,319.2037747952542,279.72254014746596,,,,,48.42705306549687,34.63325816398866,p010_31415.png
402.3701616623691,,369.1692867649114,,,,,,72.73251657622643,75.57351593844632,p010_42.png
345.3722828367744,254.26784337693576,348.8312436045517,230.12801200635698,,,,,56.636672278351,61.609727485025225,p010_8675309.png
,,493.7520338045007,,,,,,109.06305573250233,95.36822676495353,p011_1234.png
,,,,,,,,132.92153861308955,110.60174540861175,p011_27182.png
476.50150216142094,362.42175864514826,390.37299948141197,275.0037449758666,,,,,45.94065995946543,82.38392952804811,p011_31415.png
,,,,,,,,120.1914723484593,143.11299036522297,p011_42.png
,,478.6903481071366,,,,,,,,p011_8675309.png
458.04738525868817,,371.28832515644206,,,,285.73471579082116,,85.19228083391461,62.39376658017767,p012_1234.png
439.8227604430445,,444.61288977405394,,304.4593059011919,,332.3801487666429,,83.26676240508492,84.49722170695685,p012_27182.png
,278.71897695474496,,286.0477948358467,,,,,,,p012_31415.png
,,438.3545257949962,,,,,,92.62618279348433,65.98576082585538,p012_42.png
418.21094319818815,463.75972454553664,505.4643744138073,,,,,,75.49098438842462,78.68857271401639,p012_8675309.png
362.7378185883066,197.49232030376936,347.78114990197514,224.21094016717976,,,,,64.41456850132475,40.61509758783425,p013_1234.png
422.62938398115404,,399.24412649083825,,,,,,76.55732004109437,75.61177202471679,p013_27182.png
478.81707472132535,340.2381588745211,481.85679642031965,341.50971670048165,,,,,,,p013_31415.png
403.9957763376551,,334.66342078518755,,,,,,68.87216507694748,65.91499141135826,p013_42.png
387.9377112124949,,397.11912375504596,,,,,,60.362298158142025,63.43775739999488,p013_8675309.png
,,,,,,,,186.44194490313348,237.54438294311282,p014_1234.png
,,605.7393485326243,,,,,,116.91186016947205,80.88454359836489,p014_27182.png
,,,,,,,,80.244547926598,119.42947017216204,p014_31415.png
,,,,,,,,116.75420093552107,105.70167596946762,p014_42.png
,350.4197478930584,,,,,,,63.72997515379557,56.55211918443255,p014_8675309.png
322.36680445314045,250.97585908964996,282.8243487743667,175.94085842861278,,,,,51.26694335944713,35.39328371037455,p015_1234.png
305.32542606581353,228.24470059734028,283.8264195058412,227.81053079842488,288.651263804914,,322.9262156417973,,48.685802186739835,48.8113871708443,p015_27182.png
351.6625386416209,233.42334086599473,351.62975033812984,230.04134309007898,266.96090292751046,,232.16181320650236,,54.69944030177976,56.71873645584653,p015_31415.png
383.32000840775584,230.81503851446863,370.09511917182704,247.27831426866157,186.24161309208216,,145.11710487602792,,67.86526478457102,59.25686355895374,p015_42.png
389.9243905358804,255.21687218694387,398.09836905056807,260.48677046682957,296.5080427391217,,296.85180335971296,,60.63053921863913,62.62438040688217,p015_8675309.png
265.2002529287618,227.36126058642438,260.5001259387877,238.62182471461603,,,,,50.70979390860812,28.130739171822423,p016_1234.png
380.46036885051217,,364.86142733042846,,,,,,64.20325813478453,62.871213975434635,p016_27182.png
365.7374570650874,192.88224062545592,367.9119135267452,196.85302254934157,,,,,60.51785096847744,62.02357063082477,p016_31415.png
383.9487271721368,,362.6157630406837,,,,,,64.53187612113105,66.4384467898442,p016_42.png
376.8821364881829,178.80363473379387,379.64718882974785,,,,,,58.03194807629117,59.62065598771255,p016_8675309.png
539.1244441882401,,,,,,,,108.6937670578081,100.2105858739113,p017_1234.png
,,,,,,,,84.43949902484555,106.21395443899638,p017_27182.png
,,,,,,,,65.5523695537579,92.59268061084408,p017_31415.png
,,453.99154203805466,,,,,,118.0867429194393,125.43982806148632,p017_42.png
,,,,,,,,,,p017_8675309.png
310.3789496008658,257.41739320481804,300.6209113846136,245.86710393829244,328.39765269563526,,301.07524055489915,,56.71737977263945,37.16669293891782,p018_1234.png
362.95786720905636,,385.74323204524313,,,,318.5936343556116,,59.33870281570533,62.28501760081285,p018_27182.png
392.9466838820503,,381.24739814701,,229.3608054800288,,,,38.036835995454,74.87327831720724,p018_31415.png
314.76606340338157,221.96094320536395,358.6657981578716,,228.71325276180255,,159.20684245385692,,68.15941470165373,50.428333882240885,p018_42.png
366.5469863767991,296.1437314556256,356.8260517962356,271.8720832859386,181.31827749794607,,227.96323833601542,,67.32827349817329,48.75965929092074,p018_8675309.png
298.3889420670014,266.3657183781608,253.8010730714097,236.76812308710223,,,,,50.411796671772485,28.52128052104725,p019_1234.png
341.9587212013666,,350.03975695033114,,,,,,54.28784216218022,57.281881967797645,p019_27182.png
266.1571810432042,230.12120559847028,265.32217012562495,238.96087805817865,282.1871046082569,,293.32996519684997,,41.94591234754141,43.09831862448969,p019_31415.png
412.52775694028384,,357.1589736480625,,,,,,62.791466194289306,71.74237054087251,p019_42.png
298.7695687679712,164.10628490187617,305.80052577659154,242.67945155530316,,,,,67.71372571182923,47.08014213717311,p019_8675309.png
,,,,,,,,96.18523954756093,67.2925106878107,p020_1234.png
333.6060976544692,235.80798241212568,308.43202436086443,189.57889069526516,,,,,14.194131351147194,58.467356482119605,p020_27182.png
,,,,,,,,105.34559640589433,58.03585845179466,p020_31415.png
,,,,,,,,,,p020_42.png
404.67138401713123,,403.6972066105463,157.66890842770204,,,,,,,p020_8675309.png
433.2105373860943,,444.48185932768484,,,,,,82.94860731121435,52.180077333963816,p021_1234.png
400.6621216136289,,417.51885584728376,,341.1391721930054,,353.326611575796,,67.26555812120371,69.93883599933874,p021_27182.png
,,,,,,,,52.43268583300956,113.09278474992566,p021_31415.png
460.76949804546734,,400.35057371696547,,,,,,76.20347501811099,52.11006188422272,p021_42.png
418.53233017571733,,414.85977742460534,,,,338.5764659453811,,78.23814152190691,40.14755134794357,p021_8675309.png
429.7905087761661,,362.28035886724325,230.88809911181528,,,,,63.29952384200517,37.123726041805945,p022_1234.png
,,410.3687619493445,,,,,,70.3194451249247,76.7571509849966,p022_27182.png
405.8408422474107,,434.67982945756154,,,,,,35.210866386420726,69.14226690876886,p022_31415.png
405.0323235881912,,364.325224876374,,,,,,64.38462627220058,58.3132075323868,p022_42.png
388.927806283274,,395.18735627704984,,,,,,59.25056334262478,64.31959913849403,p022_8675309.png
,,,,,,,,142.703508154603,247.70676742545828,p023_1234.png
,,,,,,,,158.92898731112263,70.66000318065403,p023_27182.png
,,,608.5853749102807,,,,,,146.08300265453502,p023_31415.png
,,,,,,,,,,p023_42.png
,,,,,,,,,,p023_8675309.png
321.09381627312973,261.08187355162187,274.8018756126669,230.4636606019926,,,339.5324327569573,,55.1440918782464,29.81769957863819,p024_1234.png
301.07017028224647,244.20863621837032,278.012199684467,234.10152244365958,291.2858792526533,,334.3105335676515,,46.66013076841244,46.46675806921959,p024_27182.png
351.43892497002804,235.3055877556329,320.8648650698409,278.13624018595294,215.8882788084966,,328.3116504815882,,61.735716987948926,30.98658566235399,p024_31415.png
380.71645255139106,,359.3544625939874,196.14467935740777,196.35466707268068,,151.1273578786616,,56.683143251049295,53.96910794594609,p024_42.png
397.97286895545,251.7772547602031,386.4061453323373,264.44120673835533,322.5739579620707,,297.86896382355883,,60.467201875620965,62.2371907629023,p024_8675309.png
281.2130968832427,234.57591383393017,262.98252091482425,236.14204066308247,,,,,47.043228842315,26.664846205659366,p025_1234.png
355.612370790176,,429.8389733448104,,,,,,53.98633735659128,72.79577882678501,p025_27182.png
365.8749505803372,184.8313533346141,380.7602332317578,187.64816005360467,,,,,60.988404036520905,64.04550345306781,p025_31415.png
394.5012202581559,,339.62223419634915,,,,,,64.42075607993877,56.832487495866545,p025_42.png
391.4814314288778,,392.27869178751234,,,,,,59.310083366825786,58.062323654285805,p025_8675309.png
,,,,,,,,132.11298467213754,124.7405427005589,p026_1234.png
171.1821130071676,308.7988439664237,,,,,,,67.71395866184258,35.666123084335055,p026_27182.png
,,,,,,,,115.76543356074778,47.36293520986374,p026_31415.png
,,,,,,,,,,p026_42.png
,,,,,,,,,,p026_8675309.png
,,435.3236711776081,,,,,,86.29134715307721,46.64395628049595,p027_1234.png
410.88027062871,,454.23489980255914,,382.9435982232234,,,,76.12739158785163,82.21677477983629,p027_27182.png
449.8894482925405,,,,,,,,73.48343806332929,78.36130472335003,p027_31415.png
397.11055927364094,,422.2839461059115,,,,171.16048845559516,,73.45716313425619,50.31937365854895,p027_42.png
407.793168657371,203.7049351243579,350.16104314095094,206.07602127559804,,,296.2891090545353,,72.23191345523273,44.844172721391494,p027_8675309.png
443.53565344448805,,,,,,,,85.5612935590113,46.75865305143775,p028_1234.png
406.99916716810407,,377.6617689447975,,,,,,57.3933168340335,87.11615613841398,p028_27182.png
426.447107130526,,443.7060450560961,,,,,,73.55965917157346,76.3573957208948,p028_31415.png
420.40548468765144,,379.39906884399346,,,,,,64.97199246607632,79.15141744437791,p028_42.png
423.94225241601066,,408.240836001445,,,,,,75.03557192345889,50.892376168018345,p028_8675309.png
,,,,,,,,121.86480743624516,80.92246348773509,p029_1234.png
,,365.2537334058108,,,,,,128.64921154675784,69.87918958814456,p029_27182.png
,,,,,,,,73.52365990883773,113.44758460392505,p029_31415.png
,,,,,,,,60.0297799134036,113.814868067037,p029_42.png
449.97364776477525,401.94287554223183,183.73734980006225,,,,,,30.613587088442294,76.10335177981689,p029_8675309.png
522.9609243784344,,425.4321095423061,,,,,,96.53812670192595,67.01261334680908,p030_1234.png
432.391059694501,,441.72382031645355,,,,,,95.34465674701521,92.920901184297,p030_27182.png
609.2233754619609,,592.4011920296119,,,,,,,,p030_31415.png
,,,,,,,,102.9107000719054,118.70539513605286,p030_42.png
,,537.2180190722335,,,,,,,53.17081483750988,p030_8675309.png
406.45476076905055,,444.36904052698924,,,,,,94.42735861338404,56.5074473841454,p031_1234.png
411.5121808920126,,391.175459925658,,,,,,87.05636352399091,88.99336380580323,p031_27182.png
452.72213514639526,,435.31850903678605,,,,,,80.85149345056027,77.07718848066027,p031_31415.png
,,401.7533471009517,,,,,,79.00903218948379,63.004047528734894,p031_42.png
494.86065877470327,,452.9219711717971,,,,,,70.41605153907624,66.54266922348005,p031_8675309.png
,,,,,,,,,,p032_1234.png
,,,,,,,,143.6893773188404,93.30792498814724,p032_27182.png
,,,,,,,,52.07733815302353,139.69970321889303,p032_31415.png
,,,,,,,,170.02317641991542,95.7224355192712,p032_42.png
,,,,,,,,,,p032_8675309.png
421.72772135349817,,447.6370066639326,,,,,,94.21352966083231,37.53529507452651,p033_1234.png
430.77146462967255,,432.6307814204669,,,,,,73.59722946304903,72.29387216522487,p033_27182.png
,,456.55598443939186,,,,,,72.768510613622,84.84826355310031,p033_31415.png
395.06132627437165,,416.36459801464264,,170.79206535024542,,126.45772927525087,,75.06884267722022,61.746828865358864,p033_42.png
349.08385665965125,211.7143609399537,353.616904754273,228.76151373327562,286.0219700192376,,306.6090981637832,,70.87240041661654,63.30188876759224,p033_8675309.png
379.66567089968606,,421.05861835810236,,,,,,75.00203183445595,73.79521602686307,p034_1234.png
404.5156660446208,,413.47187096642864,,,,,,74.29874431775404,75.5144282290432,p034_27182.png
429.31510946314046,,416.9870780539153,,,,,,79.73892976334875,81.30102869678933,p034_31415.png
373.951302925174,,366.8236681932911,,,,,,66.80647723289344,67.14825366096814,p034_42.png
387.5068237757446,,392.02999860750936,,,,,,64.86035993027808,61.89051828986535,p034_8675309.png
,,,,,,,,,,p035_1234.png
,,344.3635526640424,,,,,,139.74537996191498,87.69203537637583,p035_27182.png
,,,,,,,,,,p035_31415.png
,,449.61893235381876,,,,,,120.42258287217375,108.10362391345379,p035_42.png
,,,,,,,,,,p035_8675309.png
,,432.6268039685831,,,,425.90227695177987,,85.06859807963869,47.966536971800764,p036_1234.png
389.8132953259133,,424.3524083028635,,435.9420777647725,,,,65.58458917387149,72.32162475595243,p036_27182.png
387.34410205792204,,451.2832751171687,,,,,,51.343525058250826,70.7226793441585,p036_31415.png
459.3658496583262,,442.17889062027734,,,,,,86.33640151423101,45.859969157664516,p036_42.png
366.2698098170713,293.3695164259685,345.26206518538345,208.86274608708212,,,251.458121092833,,70.31419915622378,42.746739710532516,p036_8675309.png
439.05372081763414,,414.8413718128218,,,,,,84.57489295957919,45.41709229641483,p037_1234.png
405.62334045266465,,379.40117349807275,,,,,,58.54147337095678,90.41977554904518,p037_27182.png
430.24871789877824,,,,,,,,51.228970720876184,88.41119438461563,p037_31415.png
417.9309038384964,,370.86037744175985,,,,,,66.29757739869524,88.32602015628734,p037_42.png
414.4392024010329,,419.6978961630297,,,,,,78.16628598342457,53.86247107346799,p037_8675309.png
,,,,,,,,139.31394949060626,91.39415140210085,p038_1234.png
,,,,,,,,149.44584357521828,81.72422509585726,p038_27182.png
,,,,,,,,105.15475378486373,124.97696401223384,p038_31415.png
,,447.2811583796177,,,,,,115.5101442011806,120.42478469647453,p038_42.png
,,,,,,,,,,p038_8675309.png
454.98053396423364,,,,,,,,104.58928692089663,59.033393268197315,p039_1234.png
431.2523157212759,,441.26351812015275,,,,,,88.80081482446894,92.3435117883482,p039_27182.png
371.1581385438957,523.080942240463,,,,,,,117.97462885883621,76.78160410578191,p039_31415.png
,,,,,,,,110.03583609759583,73.84797950697225,p039_42.png
543.0978825490145,,543.9688913073555,467.5073212048377,,,,,88.20332892126781,107.88597134283646,p039_8675309.png
,,375.4880520820116,,,,,,95.67215593807786,57.91477521246865,p040_1234.png
408.0312240873343,,386.260073697558,,,,,,82.1712529196123,88.41749911536681,p040_27182.png
441.21712459991124,,442.55520027194945,,,,,,83.25985841803644,84.35334665026258,p040_31415.png
436.88893643491934,,,,,,,,68.80469157016516,58.963415393893726,p040_42.png
516.8184610957202,,439.87095952957554,224.6548979657765,,,,,,,p040_8675309.png
,,,,,,,,191.62894983341772,216.35439326518483,p041_1234.png
,,,,,,,,152.70752656990382,88.16012871415495,p041_27182.png
,,,,,,,,,,p041_31415.png
,,,,,,,,181.46776920365926,81.55400278767357,p041_42.png
,,,,,,,,,133.92590263984408,p041_8675309.png
474.8743356352402,,,,,,,,85.01062144219401,65.58701345877455,p042_1234.png
372.50835871625486,,404.59610092798204,,374.3445465961137,,326.7815426974532,,61.066893158870684,63.90823705040546,p042_27182.png
,,541.6939311926402,349.4504676135496,,,,,64.35566297824428,98.54374702409747,p042_31415.png
397.3161842265828,,402.4673753529619,,209.28173652689583,,135.96088550747277,,76.10530641518656,57.28479475974937,p042_42.png
396.3161542889957,267.95513067658374,384.6428777095653,270.7034385786619,291.532381312571,,305.11311842997367,,62.88964152780526,63.47025006736651,p042_8675309.png
375.10250730711044,,369.31042643146293,,,,,,68.40022728181734,61.567379216721235,p043_1234.png
387.428018082731,,405.4203664924261,,,,,,77.34836437956258,83.86332196686284,p043_27182.png
412.29037615128885,,421.77208246505245,,,,,,52.40992293103573,79.60109381946516,p043_31415.png
387.55141456215324,,356.1153952770417,,,,,,67.48226235884684,64.44281854030845,p043_42.png
393.6796552802289,,398.85708811297127,,,,,,62.76878375915763,66.9194993874711,p043_8675309.png
,,,,,,,,,,p044_1234.png
,,,,,,,,154.93796583785004,85.80913206841512,p044_27182.png
,,,,,,,,,,p044_31415.png
,,449.7684404121361,,,,,,123.2001250454913,125.16488997005416,p044_42.png
,,,,,,,,,,p044_8675309.png
487.50995534354826,,402.05595273170644,,,,,,87.86032378520319,46.401524186686686,p045_1234.png
360.4456288109364,,380.14766117533077,,,,,,32.538190060778895,71.64108780626171,p045_27182.png
,,484.6892745716822,,,,,,58.294014758186535,72.80981291472396,p045_31415.png
454.6526607185382,,402.54134353692916,,,,,,99.76400828272507,62.14862286811986,p045_42.png
355.7038709717116,268.3168804571814,348.79982226161854,260.58201031073156,196.26321499857514,,196.44449011016243,,76.29517354671694,33.16843026640412,p045_8675309.png
446.31789266577493,,,,,,,,80.1391885323444,46.66218887976198,p046_1234.png
,,,,,,,,59.30117619389299,93.7183113304477,p046_27182.png
364.9263669820851,165.37016493576772,450.7721015491717,,,,,,44.77586053819007,83.17339434625934,p046_31415.png
412.64612158808654,,360.60225922524296,,,,,,66.70566480879562,71.95395593640546,p046_42.png
397.90053260977015,,412.9231432014495,,,,,,76.4455076809008,42.759316034496464,p046_8675309.png
,,,,,,,,46.88673436698851,130.85223025988526,p047_1234.png
,,,,,,,,164.09764023657436,72.39605989505229,p047_27182.png
,,,,,,,,132.9398051336506,51.26461528531487,p047_31415.png
,,,,,,,,,,p047_42.png
,,384.23031422428994,219.0036650563896,,,,,80.96007416929483,77.69034003007509,p047_8675309.png
446.927423338217,,435.2851610373342,,,,,,99.42071127782795,53.52353728649237,p048_1234.png
443.31251789997395,,448.273680331474,,,,,,85.1540036203379,93.13898360022857,p048_27182.png
409.5769417835448,524.3228176498058,,,,,,,119.56181526427767,112.6477626426043,p048_31415.png
,,,,,,,,111.0167761081418,53.849365216950424,p048_42.png
533.8632252578691,,527.8577536090407,,,,,,86.91280734618843,112.13359801172359,p048_8675309.png
,,371.78920190920337,,,,,,94.62009548551711,60.338226880150366,p049_1234.png
,,,,,,,,50.62077092237569,90.0178496003076,p049_27182.png
419.8628975781054,,,,,,,,52.54963591869696,108.93898255148761,p049_31415.png
430.2980792665085,,322.56829200287,,,,,,64.58491359769242,62.51245281167933,p049_42.png
513.3469266230428,,493.58316848341167,,,,,,74.48969875823701,75.18730890321312,p049_8675309.png
,,,,,,,,108.19375098343575,230.38206419522538,p050_1234.png
,,,,,,,,158.92106377145439,70.7295056065439,p050_27182.png
,,,,,,,,,,p050_31415.png
,,,,,,,,,,p050_42.png
,,,,,,,,,,p050_8675309.png
480.12157149593713,407.3332796003885,430.42830531254543,,,,,,82.96671430611977,47.74966324149313,p051_1234.png
340.5285101602364,,347.6723558303042,,364.3605535603048,,,,58.65731294942868,63.145841807951925,p051_27182.png
,,529.0318707377447,438.4968615317358,,,,,56.4854706652319,102.83348680018024,p051_31415.png
453.4568286798085,,405.4885440701704,,,,,,74.4252254902698,53.677017310933785,p051_42.png
376.5645593011725,270.21313035096176,387.3951863442696,266.6418156324227,281.16398087921,,299.0609419284205,,61.64907814513574,59.53993117889243,p051_8675309.png
377.7462243658314,,372.67825700354865,,,,,,53.315453258490464,60.73046076171325,p052_1234.png
,,416.9087909956309,,,,,,58.021793177840614,90.2134654326442,p052_27182.png
,,,,,,,,60.86739121021393,86.92508511137167,p052_31415.png
398.9705292956791,,351.01703595292156,,,,,,65.54201205520647,58.98694975426262,p052_42.png
400.0163742677705,,400.79001290280434,,,,,,61.28735505382393,61.9592590024162,p052_8675309.png
,,,,,,,,160.94070782583245,231.94451803896115,p053_1234.png
,,,,,,,,162.5549200947978,73.97886204031843,p053_27182.png
,,,,,,,,93.239047097307,178.92080861929708,p053_31415.png
,,,,,,,,61.98195051501386,94.4556785544341,p053_42.png
,,,,,,,,,,p053_8675309.png
353.69075797757756,,429.2017069990593,,,,,,94.7174664886969,61.33761466517807,p054_1234.png
425.21887408015306,,,,,,,,73.44596193744457,93.07019794295917,p054_27182.png
433.37243079275805,,432.49270150311145,,,,,,84.65059337927757,88.26135844335698,p054_31415.png
,,,343.3458311899615,,,,,85.92983296325659,58.47203169880576,p054_42.png
428.35532713895304,,430.03308341647084,,,,,,72.88282703294452,65.33689649382346,p054_8675309.png
372.2563302253414,,421.6257315999348,,,,,,93.42950155203252,65.94248481085165,p055_1234.png
,,,,,,,,66.16020619121824,95.73100489648836,p055_27182.png
433.3120855911135,,416.97833178208174,,,,,,88.01000619954118,93.35830231072582,p055_31415.png
421.13826541626156,,362.14379089859983,,,,,,70.52127919151576,71.09589008304054,p055_42.png
422.7828021930085,,418.6651331765492,,,,,,73.99460282309958,63.97781792385357,p055_8675309.png
,,,,,,,,149.78121929363036,80.3963263732226,p056_1234.png
,,,,,,,,137.60273828018032,68.6961098111369,p056_27182.png
438.39697893549874,346.0873666151274,472.5761257019649,317.7247731229216,,,,,80.81585134406511,80.44623508929638,p056_31415.png
,,,,,,,,27.07799044450756,159.47113502969077,p056_42.png
,,475.72633802777784,,,,,,76.99248450629717,44.65799732625139,p056_8675309.png
,,,,,,,,104.2530093124491,65.69505986223854,p057_1234.png
402.397767045356,,,,,,,,87.76709142715137,89.6490350398249,p057_27182.png
388.81299538471086,,,,,,,,91.2991319894417,93.03622495323488,p057_31415.png
,,,,,,,,76.65884803950004,109.09410394561085,p057_42.png
,,526.3798568871554,,,,,,113.01205885783104,116.17516201241375,p057_8675309.png
388.76289273632784,,431.0664351229058,,,,,,87.54936306407677,63.143652220684,p058_1234.png
,,,,,,,,73.10693393033547,99.25724355910366,p058_27182.png
,,,,,,,,96.41309316956175,96.93116986921821,p058_31415.png
413.4627237599424,,,,,,,,70.5548967717604,108.24505288105264,p058_42.png
385.58377554303473,,393.5414402377731,,,,,,82.3867752626507,83.40763554910673,p058_8675309.png
,,,,,,,,169.9900704548973,223.092506688667,p059_1234.png
,,,,,,,,152.83899863759822,80.88284810350359,p059_27182.png
,,,,,,,,,44.29764194128152,p059_31415.png
,,,,,,,,204.67871650068128,115.65969906431674,p059_42.png
566.2063637982102,,,,,,,,,,p059_8675309.png
381.1073291403732,,403.446293796225,,,,,,86.65593280855869,86.0488018902435,p060_1234.png
401.0900644377044,,,,,,,,68.15638670052103,90.08257694183533,p060_27182.png
,,,,,,,,86.02387257183148,89.4246839550509,p060_31415.png
414.0158001690768,,405.8221360008324,,,,,,71.80205697398326,58.851151717497864,p060_42.png
403.0720007169336,,418.59855572272915,,,,,,55.70983265392743,59.974762120648,p060_8675309.png
385.6685383450733,,402.5497552183335,,,,,,78.1664811021724,75.90350180552002,p061_1234.png
,,,,,,,,60.47392388218632,87.21873982069171,p061_27182.png
,,,,,,,,98.46352011322627,96.73655374933327,p061_31415.png
331.6182759975506,,329.42052391617113,,,,,,68.33863252857336,66.6732853053363,p061_42.png
410.35746326665594,,414.58815836473224,,,,,,69.92475810382035,64.33295675506403,p061_8675309.png
489.8713567207011,,,,,,,,157.4243733371092,197.02602194118776,p062_1234.png
,,,,,,,,156.72680721540215,73.80650850469368,p062_27182.png
,,,,,,,,,,p062_31415.png
,,,,,,,,36.38714263016064,136.42700794513155,p062_42.png
,,,,,,,,,,p062_8675309.png
374.7181407446656,,383.73250819917746,,,,,,91.42368960505438,69.2816201405301,p063_1234.png
400.2225413138454,,,,,,,,59.686871278066256,93.23111213632033,p063_27182.png
438.4389750213643,,,,,,,,83.89572574522273,92.23177826436479,p063_31415.png
441.68313713477227,,376.23795638606805,,,,,,77.34261758485003,79.4837391089495,p063_42.png
409.36429898425666,,431.5141605193676,,,,,,75.91950728583102,56.731573599278974,p063_8675309.png
350.8504237124122,,356.75518865787495,,,,,,85.81846914903949,61.02289548462383,p064_1234.png
,,383.2050633904777,,,,,,60.08625318902782,92.87825407791813,p064_27182.png
400.05736581396644,,407.57734157490427,,,,,,80.57348629299072,98.10446660780387,p064_31415.png
437.6811048089131,,373.2835234028139,,,,,,74.5168753506001,86.46507939105682,p064_42.png
409.04692850242276,,408.7639819143284,,,,,,76.43330456952073,58.06362841975708,p064_8675309.png
,,,,,,,,114.1051440094078,134.29892310911438,p065_1234.png
,,,,,,,,162.04573802826772,62.2836637871101,p065_27182.png
391.3067663088428,,,,,,,,52.065722428543275,95.12937772136972,p065_31415.png
,,,,,,,,,,p065_42.png
,,474.7517362669936,,,,,,,,p065_8675309.png
,,,,,,,,98.82303986412956,56.487323769639815,p066_1234.png
411.98251349599957,,400.3682679810883,,,,,,84.5760022901587,90.8255461663359,p066_27182.png
320.41906402684066,,,,,,,,103.65594675091266,110.8111873503401,p066_31415.png
,,,,,,,,126.69756423527643,80.14237104762654,p066_42.png
540.6691514881165,,522.1839245161441,,,,,,88.98426437922977,120.13444964592003,p066_8675309.png
,,422.1471144101424,,,,,,103.58339115765601,75.43526530790756,p067_1234.png
,,,,,,,,69.5975884950312,98.22173634273872,p067_27182.png
,,,,,,,,107.41234761769186,111.01850795410311,p067_31415.png
,,,,,,,,155.51938479818656,118.25537363404209,p067_42.png
439.54792033916584,,,,,,,,78.18444236718017,119.21788635993882,p067_8675309.png
483.72962483827433,,,,,,,,187.73968855075074,241.46920342813323,p068_1234.png
,,,,,,,,164.96792403545595,82.99657821977078,p068_27182.png
,,,,,,,,,,p068_31415.png
,,,,,,,,213.85153511219764,104.23924365394494,p068_42.png
541.0334792993795,,,,,,,,,,p068_8675309.png
381.71549869421233,,390.3423694848396,,,,,,90.79373324701385,88.1780289776277,p069_1234.png
,,403.65169166790713,,,,,,86.38508974985416,90.94731058309728,p069_27182.png
,,,,,,,,105.3902548931968,114.58083233333598,p069_31415.png
415.33568263520124,,373.98929405985666,,,,,,71.44858769024869,71.23469232822805,p069_42.png
421.61743841935345,,415.41925293278797,,223.49141868494993,,228.19298061299332,,69.38649405343013,62.797279360585975,p069_8675309.png
396.3392234955868,,404.624941280069,,,,,,82.7410073441359,78.9584516144292,p070_1234.png
,,,,,,,,75.13999861783495,94.09037449515066,p070_27182.png
,,,,,,,,107.1125828110842,107.31798429660559,p070_31415.png
,,,,,,,,78.57285602145207,71.57351175836715,p070_42.png
421.92339548307615,,427.3241733058103,,,,,,74.35365980121321,66.89303392820499,p070_8675309.png
,,,,,,,,123.69676871471563,,p071_1234.png
,,,,,,,,160.46193870717295,64.78207513452845,p071_27182.png
,,,,,,,,25.951549908833304,106.79941647726214,p071_31415.png
,,,,,,,,154.0952878510318,159.29722734613972,p071_42.png
,,,,,,,,,,p071_8675309.png
372.1056313645275,,380.5474998392169,,,,,,92.08048447397391,56.24082641233295,p072_1234.png
374.9995422851092,,372.44603512068227,,,,,,40.20018390188624,76.01999383209578,p072_27182.png
443.63872040054974,,,,,,,,60.29715260319316,97.78448568776392,p072_31415.png
396.1167062323012,,362.41904361666076,,,,,,64.96563266815399,55.96137137073107,p072_42.png
380.7222778346449,306.1644534768165,392.05660289502106,,,,,,78.26044883262644,34.53084227756094,p072_8675309.png
364.0421116904113,,375.4647001051039,,,,,,91.90881103610802,56.66635812082662,p073_1234.png
,,415.7648737261059,,,,,,52.19027904486762,90.08779332316462,p073_27182.png
,,409.79437118292594,,,,,,47.72956678552355,83.79975653164128,p073_31415.png
441.24712225283946,,,,,,,,75.38265018444693,76.41630630069663,p073_42.png
387.31552619680986,,402.054202544227,,,,,,79.67047961411306,40.38499598637422,p073_8675309.png
,,,,,,,,120.26546722219858,56.72262754110945,p074_1234.png
395.85066243155535,,415.6588749981809,,,,,,78.92495234644146,17.986795494521242,p074_27182.png
,,,,,,,,129.44263247320833,63.05684462787973,p074_31415.png
,,,,,,,,129.40346985794008,149.0033625970791,p074_42.png
,,,,,,,,,,p074_8675309.png
,,373.448154285673,,,,,,103.33307497003447,53.73980534243696,p075_1234.png
,,,,,,,,82.99236222486033,87.50936876904703,p075_27182.png
,,,,,,,,143.0599429216977,118.26971257544933,p075_31415.png
,,411.20351753447136,,,,,,102.52763127821268,57.596798009027,p075_42.png
521.0924576605544,,,,,,,,71.65519726488132,132.46619392663717,p075_8675309.png
369.2769059296387,,370.4898881439881,,,,,,90.26570544576296,82.65969115345267,p076_1234.png
,,,,,,,,59.056467710407134,92.12625513261835,p076_27182.png
,,,,,,,,110.02644147613668,106.36425353801921,p076_31415.png
433.13992125641107,,379.80917901725485,,,,,,96.99606659526339,44.330483978405894,p076_42.png
,,,,,,,,81.24811548491213,138.03650714586178,p076_8675309.png
,,,,,,,,88.19169754573691,184.5432364030628,p077_1234.png
,,,,,,,,159.41504075896208,45.62738429273397,p077_27182.png
,,,,,,,,176.65325892220048,124.28117486490196,p077_31415.png
,,,,,,,,176.5881262752287,40.960640327366704,p077_42.png
,,,,,,,,,,p077_8675309.png
349.14317303385934,,,,,,,,85.26607063282185,63.92780980398489,p078_1234.png
372.57855935481507,,385.49625183428793,,,,,,67.6155303091274,64.61627642683261,p078_27182.png
,,,,,,,,87.96288889443548,106.41989703383696,p078_31415.png
424.45215832069243,,386.45123863351745,,,,,,73.2626409857299,60.82105554826907,p078_42.png
420.17572428685605,,419.3013780099911,,219.79659079077092,,185.40851959079612,,72.21669553921654,62.584612382148634,p078_8675309.png
354.86471253562127,,382.1172747355966,,,,,,75.1788651645603,63.940065320960876,p079_1234.png
,,,,,,,,55.49177358118587,91.68411625723638,p079_27182.png
,,,,,,,,84.60627167556191,122.32827980018895,p079_31415.png
,,,,,,,,69.6740727910442,63.94907053786557,p079_42.png
399.72381981450457,,389.0687886295415,,,,,,69.88303669943032,46.42975611799952,p079_8675309.png
,,,,,,,,128.06572790262842,174.11510448381458,p080_1234.png
,,,,,,,,110.11441697243313,34.380660168616984,p080_27182.png
,,,,,,,,114.71896843354682,134.5069490423171,p080_31415.png
,,,,,,,,190.76194507626937,58.237950860415054,p080_42.png
,,,,,,,,,,p080_8675309.png
,343.7294745640574,,,373.40651236068453,,438.6783606710981,,,,p081_1234.png
,373.9537945448756,,,,,,788.3472137811283,,,p081_27182.png
,331.1318467530153,,428.6718161605036,,,,,,,p081_31415.png
,,,,,,,,,,p081_42.png
288.57274460406705,387.1268766066716,,,313.2027100045502,,230.63993679784787,,,,p081_8675309.png
,438.1609005753747,,,,,,,,,p082_1234.png
,,,,,,,,,,p082_27182.png
,,,,,,,,,,p082_31415.png
,386.59876927494537,,279.0877996962373,,,,,,,p082_42.png
,412.588733589323,,383.0212231266607,,,,,,,p082_8675309.png
,,,,,,,,,,p083_1234.png
,,,,,,,,,,p083_27182.png
,,,,,,,,,,p083_31415.png
,,,,,,,,,,p083_42.png
,,,,,,,,,,p083_8675309.png
,,,317.16947292470456,,,,,,,p084_1234.png
343.27876231524596,,,,,,,,,,p084_27182.png
,,,435.0935799607913,,,,,,,p084_31415.png
,,,395.9180940041383,,,,,,,p084_42.png
,,,,,,,,,,p084_8675309.png
,487.82394931494423,,498.65041026868084,,,,,,,p085_1234.png
,400.65219203331634,,394.40145643100414,,,,,,,p085_27182.png
,467.148306461949,,469.94910855798366,,,,,,,p085_31415.png
,469.25905752464007,,429.1912035442272,,,,,,,p085_42.png
,454.6435797151091,,,,,,,,,p085_8675309.png
,,,,,,,,,,p086_1234.png
,,,,,,,,,,p086_27182.png
,,,,,,,,,,p086_31415.png
,,,,,,,,,,p086_42.png
,,,,,,,,,,p086_8675309.png
,,312.15556229193254,329.330012517602,222.01025901511446,,545.0971954691715,,,,p087_1234.png
481.4097289470094,448.4532455369157,,,,,,,,,p087_27182.png
444.4237241268587,361.2041369540907,,509.76178674378554,,,,,,,p087_31415.png
289.43644512760767,,,,,587.952623968567,,,,,p087_42.png
,,,,,,,,,,p087_8675309.png
,,,,,,,,,,p088_1234.png
,,,,,,,,,,p088_27182.png
,,,,,,,,,,p088_31415.png
,,,,,,,,,,p088_42.png
,,,,,,,,,,p088_8675309.png
,,,,,,,,,,p089_1234.png
,,,,,,,,,,p089_27182.png
,,,,,,,,,,p089_31415.png
,,,,,,,,,,p089_42.png
,,,,,,,,,,p089_8675309.png
368.42375621068317,322.8339340963667,,,328.36849645959927,,473.56301320826793,,,,p090_1234.png
90.43759435753951,,,,,,615.2761902042184,781.9018763607819,,,p090_27182.png
,475.45002184393076,463.60998332307196,473.38168973588364,,,,,,,p090_31415.png
,,,,,,,,,,p090_42.png
,336.73920674575055,,,347.2422618848012,,256.3538264313555,,,,p090_8675309.png
,430.62162557316054,,,,,,,,,p091_1234.png
,,,,,,,,,,p091_27182.png
,442.9270362574312,,,,,,,,,p091_31415.png
,381.49078260133365,,,517.4205451908998,,,,,,p091_42.png
,432.8631759952397,,,,,,,,,p091_8675309.png
,,,,,,,,,,p092_1234.png
,,,,,,,,,,p092_27182.png
,,,,599.7438827354249,,,,,,p092_31415.png
,,,,,,,,,,p092_42.png
,,,,,,,,,,p092_8675309.png
,,,,,,,,,,p093_1234.png
376.5768086759877,,,,,,,,,,p093_27182.png
,502.5216252118349,,531.1210965661924,,,,,,,p093_31415.png
,,,,,,,,,,p093_42.png
,,,,,,,,,,p093_8675309.png
,475.4708884067852,,506.8233768819954,,,,,,,p094_1234.png
,385.3113702909862,,,,,,,,,p094_27182.png
,476.15686665839826,,,,,,,,,p094_31415.png
,511.2154781209758,,,,,,,,,p094_42.png
,,,,,,,,,,p094_8675309.png
,,,,,,,,,,p095_1234.png
,,,,,,,,,,p095_27182.png
,,,,,,,,,,p095_31415.png
,,,,,,,,,,p095_42.png
,,,,,,,,,,p095_8675309.png
198.43343061256698,,,,214.2278979173422,,,,,,p096_1234.png
,,,,,,,670.1518369036244,,,p096_27182.png
408.2546960442721,372.709290106645,432.24968226123707,404.73128948643915,,,300.2958177314387,,,,p096_31415.png
,,,,,,,,,,p096_42.png
,,,,,,,,,,p096_8675309.png
,,,,,,,,,,p097_1234.png
,,,,509.1105266245604,,524.0020882715488,,,,p097_27182.png
,449.8143043581097,,431.74666339785676,,,,,,,p097_31415.png
,,,,,,,,,,p097_42.png
,,,,,,,,,,p097_8675309.png
,,,,,,,,,,p098_1234.png
,,,,,,,,,,p098_27182.png
,,,,,,,,,,p098_31415.png
,,,,,,,,,,p098_42.png
,,,,,,,,,,p098_8675309.png
,,,,318.98991423817364,330.33009410187185,485.2638217321439,,,,p099_1234.png
185.6534533465128,,,,,,,767.605174094704,,,p099_27182.png
,483.39270586275717,402.50439661335054,465.35889510191885,,,,,,,p099_31415.png
,,,,,810.708542972312,,,,,p099_42.png
,285.78309680838345,,,,,,,,,p099_8675309.png
,,,,,,,,,,p100_1234.png
,,,,,,,,,,p100_27182.png
,399.33320942013813,,,,,,,,,p100_31415.png
,,,,,,,,,,p100_42.png
,405.92222648787754,,314.16070135223737,,,,,,,p100_8675309.png
,,,,,,,,,,p101_1234.png
,,,,,,,,,,p101_27182.png
,,,,,,,,,,p101_31415.png
,,,,,,,,,,p101_42.png
,,,,,,,544.7674488993829,,,p101_8675309.png
,630.2343270845003,,,,,,,,,p102_1234.png
509.9356187045817,434.1211952047036,,,,,,,,,p102_27182.png
,502.3546118787071,503.7956930330232,531.3720860366954,,,,,,,p102_31415.png
,,,248.80803286392208,,,,,,,p102_42.png
,,,,,,,,,,p102_8675309.png
,461.8074551780305,,453.8041750842961,,,,,,,p103_1234.png
,358.92761334835836,,,528.5746409910736,,,,,,p103_27182.png
,380.2440294327925,,,,,,,,,p103_31415.png
,,,,,,,,,,p103_42.png
,,,,,,,,,,p103_8675309.png
,,,,,,,,,,p104_1234.png
,,,,,,,,,,p104_27182.png
,,,,,,,,,,p104_31415.png
,,,,,,,,,,p104_42.png
,,,,,,,,,,p104_8675309.png
,414.91828671430045,,,,,,,,,p105_1234.png
,,,,,,,,,,p105_27182.png
,494.68482505129475,,488.2160348483636,494.0306839803407,,527.1072254315048,,,,p105_31415.png
,,,,,,,,,,p105_42.png
,,,,,,,,,,p105_8675309.png
,,,,,,,,,,p106_1234.png
,,,,452.9363865892803,,459.5890603183881,,,,p106_27182.png
,435.80030235916354,,,,,,,,,p106_31415.png
,,,,,,618.8337554104428,,,,p106_42.png
,,,,,,,,,,p106_8675309.png
,,,,,,,,,,p107_1234.png
,,,,,,,,,,p107_27182.png
,,,,,,,,,,p107_31415.png
,,,,,,,,,,p107_42.png
,,,,,,,,,,p107_8675309.png
449.74735824883527,,435.65831196827975,,,,,,81.22358857002149,74.23310248028457,p108_1234.png
333.7150224742323,,410.1618344539048,,425.7134036859632,,,,57.362764935785776,65.50428471816613,p108_27182.png
389.8249888081516,,444.3827628635663,,,,,,62.600393827531136,69.1893682538924,p108_31415.png
349.9557815756004,208.96919206086264,337.6862699835676,279.2979908371826,179.31552575143803,,160.8110496807605,,52.31544539548859,49.82248663795132,p108_42.png
421.83800530721044,244.39087889616184,421.3594186246952,,192.82176857812883,,181.07867662298344,,72.9145326671698,75.83607522958111,p108_8675309.png
278.50459968456505,260.0991718274042,271.59855203473006,250.54698571509843,,,,,52.02148834803069,45.438511638099165,p109_1234.png
308.1204390231281,192.31880653561598,,,,,,,58.369862074680114,65.30371650428584,p109_27182.png
359.44972771973073,,365.0406625564414,,,,,,61.82013249612539,63.67034005371419,p109_31415.png
393.93631770531147,,334.6488199152408,,,,,,63.38856553839844,61.59428717036672,p109_42.png
359.8417334623361,,355.05006766386765,,,,,,60.07939383586479,56.92954965718188,p109_8675309.png
439.82671528155964,405.0481272487101,,,,,,,87.04702891448122,125.97341048783304,p110_1234.png
377.9540801940839,,383.6285335240833,,,,,,36.0963216021242,63.46458109171851,p110_27182.png
,,,,,,,,80.30417133196218,77.12094081056237,p110_31415.png
,,,,,,,,96.61118202801424,116.88863605253293,p110_42.png
371.36526280476403,268.75783399011607,385.22666167840714,256.65525928805516,,,,,73.02777549738923,67.44998475978966,p110_8675309.png
,,384.43205528360454,,,,363.04576383629467,,85.98259444859858,80.72216796918993,p111_1234.png
390.0006354473634,,415.81123049041935,,336.3852253366372,,,,75.89576088898583,85.81224385225147,p111_27182.png
404.90195184821016,,,,,,,,88.56945215856712,100.51124663652615,p111_31415.png
396.47482840339643,,378.61154884719707,,303.4819736782787,,255.82550862938925,,80.62192185728937,74.48099277442475,p111_42.png
394.9754079235171,465.7065277982031,478.3830242889152,,181.8080127695862,,,,82.82029194679332,80.52653345151636,p111_8675309.png
367.8821498618027,,377.35176087729445,,,,,,71.78723102726559,68.68836583719668,p112_1234.png
323.6796292629513,,,,,,,,53.29386904626419,59.79785857755519,p112_27182.png
,,,,,,,,89.86749621159863,86.8506462222132,p112_31415.png
417.69286501760746,,350.33224029105673,,,,,,70.92742752602528,59.819503417834646,p112_42.png
377.8323200319706,,388.5674061850483,,,,,,55.77987783213093,55.491131821215156,p112_8675309.png
,,442.34395270791356,,,,,,101.54640029042588,58.258916023015715,p113_1234.png
,,,,,,,,156.55826930606548,70.17278289796376,p113_27182.png
,,,,,,,,75.23083993210793,103.1820801851082,p113_31415.png
,,,,,,,,156.81243432116563,97.18407626438868,p113_42.png
609.2177258718693,,447.5699445599855,,,,,,,,p113_8675309.png
374.3642898831573,322.9198026465402,345.179280498819,211.90094425915154,200.07970680272462,,294.03455866170765,,60.84817679251011,57.03098368102584,p114_1234.png
310.968601923786,123.3640673815073,361.0175381704485,195.58787004068887,375.4882568949013,,,,41.02131152501514,56.88100433418667,p114_27182.png
400.2033632549206,,446.3199647521438,,247.72973347036154,,,,62.93502959750382,66.44260777420146,p114_31415.png
334.0826015955269,235.06800175115393,338.9432572501665,224.8201257745743,241.8189273712793,,227.91863926264008,,61.033099256640334,58.61018740247153,p114_42.png
350.3395340055118,232.42224645445748,345.4732952271386,202.54054361449295,252.5531841654708,,313.7540836150132,,55.341355148533836,57.43786550716401,p114_8675309.png
259.8436848637042,248.38965285275773,268.57230878816,237.30691344665254,,,,,44.48393454646394,43.81869285432538,p115_1234.png
304.07097578520813,,,,,,,,43.96942403704917,54.65973052368203,p115_27182.png
368.48678077566353,,362.4978324094097,,,,,,62.34148346521416,61.00197141569244,p115_31415.png
371.1994837224064,,311.6396208565884,188.73347618626286,,,,,58.88405463029297,46.863755187577866,p115_42.png
361.33653674206374,,369.80156208184843,,,,,,60.03938202646957,59.24152163171128,p115_8675309.png
335.54360677531776,406.58675901252343,,,,,,,57.805004928557835,55.357250801222285,p116_1234.png
,,,,,,,,155.5979345207508,62.00278244507288,p116_27182.png
,,,,,,,,90.91899758818106,84.29471304117,p116_31415.png
,,,,,,,,69.7926710345273,79.17890154540295,p116_42.png
369.1835583382317,262.7019963871996,345.8271558263018,185.78524777183128,,,,,61.26276623282603,66.75348219184153,p116_8675309.png
387.2762389130293,,,,,,,,76.25290306245245,64.51107149563032,p117_1234.png
329.28416212430085,,391.6305341297555,,406.45961783852,,,,54.84883160361153,64.97490368411589,p117_27182.png
334.1522499829144,,493.42543803261253,476.5210995819066,,,,,64.70509079979678,85.95168760599746,p117_31415.png
370.3190603851356,,364.8379109862808,302.37842848508296,178.0495987143183,,155.32962114922907,,56.64699242926624,53.11324435854857,p117_42.png
428.74894371793073,,439.75249176165477,,168.80612686463607,,,,73.7594069706706,73.04000495608075,p117_8675309.png
280.96676155343,268.6917185407462,262.20265388107725,240.63037028470433,,,,,49.24399106063073,46.00057188879345,p118_1234.png
308.54078563128394,190.3772516980388,,,,,,,58.923123790477256,66.6766458737371,p118_27182.png
280.23258931202645,234.7896442644193,,,,,,,54.2468854748061,65.83994156212898,p118_31415.png
,,338.8832377993285,,,,,,62.78016253200315,67.03252580445861,p118_42.png
350.5860327515447,208.02202313361514,341.1106590775283,,,,,,60.112737423514155,57.742736271906985,p118_8675309.png
,,,,,,,,123.35555213070148,79.6491338508548,p119_1234.png
340.9957330932982,,338.9321367957837,,,,,,52.27777472627988,57.75791939538896,p119_27182.png
,,,,,,,,93.81296311845554,94.99506485734034,p119_31415.png
,,,,,,,,100.56029118404555,32.21979021274745,p119_42.png
377.15647668039617,287.1509038367104,373.52008583457155,258.2402017814048,,,,,67.1077182198698,59.26136552318713,p119_8675309.png
432.0119937316271,,368.39755728213476,,,,379.68517160862103,,85.32071843853726,82.06771413236926,p120_1234.png
392.97322995556027,,419.3300400273373,,306.8382641783357,,,,74.5419635463557,84.39732468380427,p120_27182.png
,,,,,,,,99.15950925357316,105.50725191957443,p120_31415.png
,,,,,,,,88.72894024143203,78.50881400397122,p120_42.png
475.38628175875203,,472.69238449783165,,,,,,92.05678789010712,103.45474083622298,p120_8675309.png
319.8723002030621,,351.950572573045,,,,,,73.34434988359818,77.44582153440825,p121_1234.png
,,,,,,,,57.83015599008099,84.85530463735918,p121_27182.png
,,,,,,,,106.54138849759244,107.31466384986685,p121_31415.png
,,377.7337070159356,,,,,,76.46420773821723,69.34181126929595,p121_42.png
384.06727652573085,,382.1310418345454,,,,,,54.29788706053505,54.741047045722325,p121_8675309.png
,,,,,,,,102.37299791872857,38.67557756673572,p122_1234.png
,,,,,,,,155.28857168540273,61.24356226843328,p122_27182.png
,,,,,,,,118.60777438997766,123.32264544861847,p122_31415.png
,,,,,,,,,,p122_42.png
503.2127953817573,,478.818822480748,,,,,,,,p122_8675309.png
375.63224862808386,344.9191300847556,299.8703637671893,233.2270445172922,,,384.0732886425263,,57.348652481103386,52.48260933362593,p123_1234.png
327.0307174541367,233.2079714503589,331.5242362918721,220.71087298765426,281.28444661800506,,306.1765828393356,,51.26862356825994,55.15705994072659,p123_27182.png
337.54459747349387,,363.58979146970466,303.0106195344334,304.53306728437667,,,,60.881307697863065,63.51410180359613,p123_31415.png
366.54738636568385,233.4936427951151,369.9396604904607,260.1514098820798,224.02690885906125,,208.72712130127644,,57.43749017464628,56.220868164733304,p123_42.png
364.81843703859937,246.68159227274566,354.62157059142527,233.9933886910473,267.146358545104,,288.1377765030695,,55.064215199750095,56.91776804825044,p123_8675309.png
248.58867753379104,214.06434843198454,250.14844883673965,220.54836144188783,,,,,38.07520707668818,32.746188271615885,p124_1234.png
314.25388331176293,,,,,,,,46.52765238995746,57.71846890640213,p124_27182.png
,,,,,,,,59.172050171895094,73.00715302121763,p124_31415.png
411.73117243410826,,353.03965198026515,148.72274701911527,,,,,61.69253690004109,45.747270771254655,p124_42.png
357.7600309954334,,361.51692917883696,,,,,,59.06279597595709,59.59591870993799,p124_8675309.png
,,,,,,,,183.04526139992313,,p125_1234.png
,,374.7395960242925,,,,,,82.12019423046297,59.36175414300856,p125_27182.png
,,,,,,,,105.84977206477686,109.88821983814461,p125_31415.png
,,,,,,,,139.7689396571465,89.46491019022412,p125_42.png
402.2633097211142,263.9332632984661,380.0975933175088,268.34840397676953,,,,,73.84158731344696,70.1190929164209,p125_8675309.png
344.08674084436154,311.4906693191667,383.2188845806418,,209.04973935937792,,268.24959987004684,,61.50275655015018,54.72255071858143,p126_1234.png
320.82435179926676,,366.6359730280546,,407.06898659717206,,,,35.574983489087984,58.10170925240492,p126_27182.png
416.9788236107515,,,373.1997668737993,,,,,59.32994396324415,80.68886156393543,p126_31415.png
349.93985289933704,,337.5300709516113,297.6009284467167,254.41599846336527,,148.92280870386614,,63.073077010023205,57.482272554220465,p126_42.png
422.18607371515475,,432.4485038504146,,191.46761618453655,,228.72964108332994,,74.41544553860973,79.2651602453577,p126_8675309.png
302.9177951080267,274.0510856963625,261.25988117440005,231.72989633327575,,,,,48.26019519387667,37.94927537995794,p127_1234.png
350.8680618552598,,427.89462455967987,,,,,,54.232742917652516,65.73502261310374,p127_27182.png
292.83511560263463,243.04284959650587,,,,,,,33.56846878955926,64.97681566808423,p127_31415.png
416.1048719280687,,352.67171336253347,,,,,,66.48456550209491,65.28419798131989,p127_42.png
358.69381210452576,199.68624781727718,330.3559226803312,192.56397855896077,,,,,59.47210128231252,49.207158648552735,p127_8675309.png
,,,,,,,,169.75208146003888,115.85450178073674,p128_1234.png
360.56335352094766,,369.7082294423066,,,,,,41.92557734215257,57.41608138705076,p128_27182.png
,,,,,,,,109.89903503687616,68.388431988783,p128_31415.png
,,,,,,,,146.11571258259352,115.75939239347296,p128_42.png
379.3445287238996,281.45227606283913,367.1570463798898,289.0251976924362,,,,,62.705527944514834,66.73915768242817,p128_8675309.png
388.52832934521103,,388.27613186875476,,258.12171601842334,,387.4031418197146,,72.6090879452062,69.45107797120473,p129_1234.png
337.42782745796524,,391.70790998986536,,404.39128260227363,,,,48.187208444668386,53.983666742546,p129_27182.png
413.39785417346286,,,,,,,,88.55464346177003,115.65806358086071,p129_31415.png
442.490424204803,,363.9270571335903,,,,,,87.13185345763291,56.8833610921811,p129_42.png
,,494.13063134046416,,,,,,88.06417867103318,97.29026020724045,p129_8675309.png
337.44567691957405,,,,,,,,66.13124602253414,85.1587728123496,p130_1234.png
,,,,,,,,56.709951381919744,87.34502912663353,p130_27182.png
,,,,,,,,57.634099843603266,91.94185569247874,p130_31415.png
,,368.4240238664749,,,,,,70.57343063710037,61.90755930725837,p130_42.png
,,378.8440718038038,,,,,,58.9817931705161,55.12596732350546,p130_8675309.png
,,,,,,,,62.91881034609162,109.64457296305187,p131_1234.png
,,,,,,,,95.63021381447606,46.08269297062896,p131_27182.png
,,,,,,,,116.9306455985543,118.23544569753196,p131_31415.png
,,,,,,,,114.26779578702282,99.71300465694704,p131_42.png
482.4925169288749,,428.49902455119565,,,,,,39.64881406199093,85.0734611558365,p131_8675309.png
350.661084589575,277.6179729093564,279.61206475785036,193.7423528003919,,,390.8292848007276,,50.55026753526776,47.3938032157082,p132_1234.png
290.66416580086144,233.88059413708925,275.0207800662718,221.0913923117569,314.9192151041346,,323.51018126834964,,40.76383038113588,40.559231226465926,p132_27182.png
365.2669948401847,176.59495654452562,401.6105508963648,182.27107335584762,324.63605887264526,,279.7591076163537,,61.72341245302165,66.59316102196296,p132_31415.png
368.2753103907801,259.90277092659204,373.3856930374896,279.59437257594413,196.3124457452355,,178.46748598154244,,63.16930804643115,58.81891745108663,p132_42.png
324.4405201594176,232.01905207562868,322.5958555204543,221.55050926025322,262.85824935647787,,254.08766221532815,,57.70954984757205,52.05919256146442,p132_8675309.png
254.5051313442727,233.69505122156008,254.20170619642425,226.70015236194538,,,,,41.09516445733992,39.545530105492396,p133_1234.png
341.2541409808391,,,,,,,,44.66796693174764,68.28039952781582,p133_27182.png
373.98516509410604,,,,,,,,52.86468463787653,70.31805889886013,p133_31415.png
280.6815806134871,253.56106264738634,230.85481374989493,226.24566697882972,,,,,42.93922994969999,31.550794072142736,p133_42.png
379.39687962485885,,353.3161909726618,,,,,,58.45699443044451,55.75819410100278,p133_8675309.png
137.5171628515124,253.60604510573413,144.9917445446176,230.27465320276644,,,,,55.5000052126121,43.17585767638674,p134_1234.png
294.702095658803,167.36793540450356,261.8165673917744,225.34203789283947,,,,,43.955546892047764,37.787040199426215,p134_27182.png
454.37613791260856,348.6964544326967,,,,,,,107.20501803105914,99.41095483586254,p134_31415.png
,,,,,,,,98.17908710954656,97.17839134290497,p134_42.png
409.69007223903225,210.7394877469456,383.8409309071513,239.07420033083025,,,,,68.55919241163261,71.0127048389817,p134_8675309.png
418.7138800868623,,424.93945424064106,,,,,,102.39044327599186,86.01859671180107,p135_1234.png
370.98429746493946,,,,490.9638008932051,,,,67.37484276421482,85.27067932813833,p135_27182.png
381.27264351505966,,,399.87527664694846,,,,,83.32441466701187,103.659105441205,p135_31415.png
416.9383136541829,197.97811404073565,377.72263445373494,296.47841201871097,,,,,80.02018780896081,59.97685985783846,p135_42.png
487.1593846539109,,494.9310256150267,,,,,,87.45261794428642,98.86809807893954,p135_8675309.png
349.04621197488893,,355.54299770780824,,,,,,82.86270413137764,79.00598667934966,p136_1234.png
377.36378090422005,,,,,,,,59.312298206681426,85.69032593201085,p136_27182.png
361.9065962458461,,370.8600636277555,,,,,,63.02368699766109,67.6953662123539,p136_31415.png
403.368510816683,,337.8679663648068,,,,,,72.15787364518859,66.64337153069899,p136_42.png
393.8284317831193,,382.1979798566923,,,,,,65.3614231601865,55.54745102923683,p136_8675309.png
,,,,,,,,58.85742121563837,149.2275733012082,p137_1234.png
,,,291.1318104173345,,,,,154.32087254915527,56.353243494861054,p137_27182.png
,,,,,,,,103.51375609643124,128.39193518651052,p137_31415.png
,,,,,,,,201.06719014437482,118.19658066361777,p137_42.png
410.9898419184877,351.22818501462933,235.08243070207726,,,,,,24.368306895233523,62.47463075086041,p137_8675309.png
,,359.7882584366698,,,,399.5177693084548,,90.33954398645695,81.8421267361684,p138_1234.png
363.1070508503424,,,,,,,,79.91119417612474,97.44465629548715,p138_27182.png
,,,,,,,,114.5387975132682,132.389372912992,p138_31415.png
,,450.927174386973,534.9637659160278,,,,,121.8712382391784,106.83451821242201,p138_42.png
477.5523546432282,,481.1805918717694,,,,,,97.50973385861755,110.99357782769422,p138_8675309.png
383.182217421358,,358.892870753683,,,,,,63.31515128847431,88.36165215665218,p139_1234.png
,,,,,,,,74.69785860236442,107.13832892519142,p139_27182.png
,,,,,,,,102.34658839050498,98.15283022380635,p139_31415.png
,,,,,,,,177.71179529242463,105.93036509932733,p139_42.png
427.6642582541354,,398.39610748491987,,,,,,66.38214507659775,63.31587942262537,p139_8675309.png
,,,,,,,,123.87190158555326,61.62074334359276,p140_1234.png
,,,,,,,,160.04860826285966,57.59877481109295,p140_27182.png
,,,,,,,,82.0859916317839,154.46891994825552,p140_31415.png
,,,,,,,,108.33268991765529,106.42317666904805,p140_42.png
,,,,,,,,,,p140_8675309.png
412.00657453985764,,426.32287013203245,,375.5466307256349,,,,99.64170529011503,89.29147752038484,p141_1234.png
335.44217547514836,,419.57945596600564,,464.44457552796507,,,,61.7969143098416,77.17524165212848,p141_27182.png
,,494.7647549344823,,,,,,78.96109640680392,91.62479434106625,p141_31415.png
357.9762772280299,295.4258911493107,344.0356614338359,165.4450677662643,235.36721680296492,,231.4003229184479,,70.04020942329271,56.54099480066128,p141_42.png
488.7060241589775,,481.7319478396208,530.0987638013304,,,,,89.46390849074287,97.6794714719483,p141_8675309.png
339.7888890931821,,353.7006280468471,,,,,,76.47829545131631,71.06020726316606,p142_1234.png
,,,,,,,,66.86280024554542,79.74615064694164,p142_27182.png
,,,,,,,,105.71982942484875,105.25293985958011,p142_31415.png
404.76751206600494,,342.6660687579816,,,,,,69.92962946691851,60.60166358061523,p142_42.png
365.04182320750857,,385.23637427672486,,,,,,59.3847965699084,60.18449281932968,p142_8675309.png
,,,,,,,,181.7217006000089,80.0917881421766,p143_1234.png
,,,,,,,,156.49571129578916,58.12871420728729,p143_27182.png
,,,,,,,,103.64601444810725,125.92651258060893,p143_31415.png
,,,,,,,,210.8814902298275,183.6748071989579,p143_42.png
489.09128234167457,,,,,,,,69.2610994615239,61.662891279060794,p143_8675309.png
420.297037167228,,,,,,,,104.59623680401778,70.86314789981016,p144_1234.png
343.007199031701,,,,447.0330288866147,,,,64.62960367429925,83.7069190640759,p144_27182.png
354.284430254791,,,,,,,,65.58503484997921,105.95270559595939,p144_31415.png
396.20166087084317,437.6408511907137,,,,,,,95.30960947002164,53.681994114402734,p144_42.png
491.39754535419587,,500.76859836630655,,,,,,86.28581090303717,96.70901181735789,p144_8675309.png
342.1730487414554,,369.1568246560538,,,,,,82.1907660871408,58.758469274190226,p145_1234.png
403.9874003904268,,,,,,,,57.66164274260749,85.14118040483403,p145_27182.png
,,,,,,,,73.32252307526802,110.15475762419092,p145_31415.png
,,345.3847204062964,,,,,,64.86875740902947,67.15536366292898,p145_42.png
399.5986734886838,,346.6522217651657,,,,,,68.38540017540778,51.4287397592961,p145_8675309.png
,,,,,,,,,,p146_1234.png
,,,,,,,,155.4450725718839,47.06253456805537,p146_27182.png
,,,,,,,,124.03161889477813,136.2252879564242,p146_31415.png
,,,,,,,,159.46560641066463,192.70592999129113,p146_42.png
432.92156055623553,,233.85543443969783,250.12093215593512,,,,,23.984449694165672,77.1661205895235,p146_8675309.png
,,350.72363953235975,,,,394.2624929889378,,91.79403973528423,79.52644191210476,p147_1234.png
356.3494443590421,,406.5152126571623,,359.6380654454461,,,,77.51093438281845,77.76336488829492,p147_27182.png
433.5773499412815,528.803877921416,,649.9833955479553,,,,,117.8245409700061,123.33363477187622,p147_31415.png
,,444.41784072524246,652.6272039997484,,,,,118.16716977623345,94.47104360654785,p147_42.png
,,491.876586718737,,,,,,85.7716183759916,107.34815422593091,p147_8675309.png
,,,,,,,,81.4304074149113,69.16374967225013,p148_1234.png
,,,,,,,,79.86499056954811,109.91008018259622,p148_27182.png
,,,,,,,,114.83696730698288,112.27487698106991,p148_31415.png
,,,,,,,,166.06921268296725,84.66734001044321,p148_42.png
,,,,,,,,180.9011521515906,152.7469573676302,p148_8675309.png
,,,,,,,,112.2961515580116,,p149_1234.png
,,,,,,,,152.92439106477738,56.12512469770853,p149_27182.png
,,,,,,,,125.59581555834158,146.16281082115032,p149_31415.png
,,,,,,,,226.98401077001017,197.8581687469865,p149_42.png
,,,,,,,,,,p149_8675309.png
427.7467495613398,,448.44614364663676,538.687345110672,,,,,102.36092394452675,88.89655796206752,p150_1234.png
333.4189012359674,,411.1714806495678,,441.51997734439357,,,,49.822035527873275,74.16942793856143,p150_27182.png
384.17607465132494,,469.8791958695763,,,,,,69.84054062892149,97.88995272357458,p150_31415.png
,,360.0331322221279,49.115425592991286,,,,,80.40988660103508,62.31000845862593,p150_42.png
479.73138447462014,,470.5340670767779,515.065604285165,,,,,86.61383527084473,100.4966065309898,p150_8675309.png
331.0830048904491,,375.58950470415664,,,,,,79.27715241753418,79.91285411060466,p151_1234.png
347.27572643544016,,,,,,,,52.9040600463154,74.83803838490878,p151_27182.png
,,,,,,,,113.05877693226886,114.44487849849163,p151_31415.png
,,358.07314452711677,,,,,,77.30143010220863,62.94440262040961,p151_42.png
365.4877483806153,,387.3992379736346,,,,,,61.48995550000511,58.78870159827308,p151_8675309.png
,,,,,,,,200.92842459618265,,p152_1234.png
,,,,,,,,159.39731900081503,63.346956897773154,p152_27182.png
,,,,,,,,110.70901351897577,131.70922687881975,p152_31415.png
,,,,,,,,220.25830141462973,203.04734742626115,p152_42.png
464.547116922157,,,,,,,,92.54552059882653,47.00231249130154,p152_8675309.png
405.27390277427855,,357.24788732820076,,,,344.265382895616,,96.87149831818208,64.43430808787805,p153_1234.png
340.78447342951085,,,,452.0549286174559,,,,66.76226728613321,87.4383954765925,p153_27182.png
455.99496891055816,,,,,,,,62.278568948049774,93.51263542748396,p153_31415.png
,,,,,,,,91.40392412858631,52.25226551521411,p153_42.png
,,,,,,,,82.87904530903343,103.29346964431384,p153_8675309.png
422.6093193131651,,401.04615804016674,,,,,,84.76412173050956,51.25672738139559,p154_1234.png
383.4366866440575,,,,,,,,51.136190806235334,86.76005920136207,p154_27182.png
395.1912311520159,,,,,,,,66.5666795620804,103.8713292511845,p154_31415.png
,,346.1896258341642,,,,,,70.27123095778938,66.66399982752532,p154_42.png
,,340.8948794066291,,,,,,65.64223082983638,52.44117392770093,p154_8675309.png
,,,,,,,,137.2750397099143,103.49872186430545,p155_1234.png
,,,,,,,,169.5518234920715,52.033739622540956,p155_27182.png
,,,,,,,,120.05399763920838,137.45309820668882,p155_31415.png
,,,,,,,,141.7042664874621,147.4453315385745,p155_42.png
409.807276733572,,,,,,,,58.67931346270062,71.58518069732192,p155_8675309.png
,537.6240428678142,,,,,,,98.28103581106738,72.69152240115713,p156_1234.png
323.9780091768654,,,,,,,,61.318607561709634,90.93404680249795,p156_27182.png
,,,,,,,,100.98116720820873,118.20129978257717,p156_31415.png
,,,,,,,,109.46262799388258,91.27035717775864,p156_42.png
,,492.6070409095368,,,,,,110.44853513101502,93.62936405265702,p156_8675309.png
,,,,,,,,71.2662338316446,104.58453687484439,p157_1234.png
,,,,,,,,62.23009261093836,104.93013083628168,p157_27182.png
,,,,,,,,149.63504184077325,128.50499337372605,p157_31415.png
,,,,,,,,166.03592934030812,80.19780782810669,p157_42.png
,,,,,,,,185.24197875115405,116.1046077284219,p157_8675309.png
,,,,,,,,,,p158_1234.png
,,,,,,,,164.24378738811828,58.98321618519951,p158_27182.png
,,,,,,,,105.22469770407216,137.81833103994506,p158_31415.png
,,,,,,,,218.0014409072932,66.63788042960383,p158_42.png
,,,,,,,,314.54116402737304,189.83320132780617,p158_8675309.png
,,417.49658852267436,410.62611837912584,,,,,83.7700742880958,52.17384812684811,p159_1234.png
339.46548009142543,,403.47117883493206,,446.41984387509285,,,,49.421831958508506,72.90492823951303,p159_27182.png
,,,436.15829047383,,,,,75.41224839334998,101.04462764295467,p159_31415.png
,,360.973359339211,49.64908331877226,,,,,78.72773409428656,52.95924145751995,p159_42.png
481.3087486081105,,484.30860163353975,499.4310732542824,,,,,77.41664900984728,87.15217081746957,p159_8675309.png
338.04429620813795,,,,,,,,84.18671792291426,75.38316536468082,p160_1234.png
,,,,,,,,34.57013909971994,75.04078404716675,p160_27182.png
,,,,,,,,55.64080726027007,93.28648173683928,p160_31415.png
,,367.23599285669695,,,,,,78.24049923559214,64.43175736523854,p160_42.png
,,378.86350724526585,,,,,,67.09656724364856,57.23509758873767,p160_8675309.png
,,,,,,,,111.20046613906783,175.58360133995026,p161_1234.png
,,,,,,,,126.2059983255948,53.697204920088005,p161_27182.png
,,,,,,,,134.06104344724628,145.8321271473174,p161_31415.png
,,,,,,,,169.1980069817802,107.55078563089977,p161_42.png
451.4360548655055,,406.6633447372643,,,,,,68.95659351257214,78.54769954340054,p161_8675309.png
346.8580775884477,,351.0867223823604,,,,,,93.01344196273187,71.43302749455992,p162_1234.png
291.99764922403443,,,,,,,,78.64859117846656,109.63595732574723,p162_27182.png
306.32822055667003,,,,,,,,102.72266805563727,109.75070361198276,p162_31415.png
347.25037130844584,354.76624513485143,,,,,,,65.19730481947133,56.21575508823476,p162_42.png
442.1066171323005,,448.2173356378551,494.6174114736333,,,,,81.26018323582315,91.51473435640297,p162_8675309.png
,,,,,,,,116.51472720002543,74.10658791206947,p163_1234.png
,,,,,,,,79.25008407607562,109.86301415015741,p163_27182.png
,,,,,,,,110.20166530627803,110.90610765385622,p163_31415.png
,,,,,,,,154.20830687402443,79.37543504535326,p163_42.png
,,,,,,,,89.99763917707511,95.39073348407389,p163_8675309.png
,,,,,,,,98.59826765157814,141.3524878635214,p164_1234.png
304.06372826178944,,,,,,,,73.85792677315114,78.29530313767266,p164_27182.png
,,,,,,,,91.77222383947205,96.17847764426668,p164_31415.png
,,,,,,,,164.20285938770357,91.43588177150393,p164_42.png
,,,,,,,,92.83002201172135,100.57387263985761,p164_8675309.png
344.80738199170486,,350.2551117001541,,,,,,88.31402852980062,91.0608657114403,p165_1234.png
,,,,,,,,74.35680611917591,107.73102470008217,p165_27182.png
,,,,,,,,109.74051631307158,108.32051125713512,p165_31415.png
,,,,,,,,159.93247936743683,103.8165198488103,p165_42.png
,,,,,,,,136.88243596267282,140.9683700339509,p165_8675309.png
,,,,,,,,132.15343109821114,101.67893385346652,p166_1234.png
,,,,,,,,75.21826195807841,106.44954220483679,p166_27182.png
,,,,,,,,120.97066052807462,93.93044380171182,p166_31415.png
,,,,,,,,182.96468383779924,96.85057288143878,p166_42.png
,,,,,,,,144.46865955120302,148.27807821616807,p166_8675309.png
,,,,,,,,207.30492908668666,117.86795883688903,p167_1234.png
,,,,,,,,156.36233347587483,50.63225600615578,p167_27182.png
,,,,,,,,96.31939425429167,99.65001943663987,p167_31415.png
,,,,,,,,154.84724824216363,108.06486827112539,p167_42.png
,,,,,,,,132.24302558384747,135.9873102715592,p167_8675309.png
354.08246260752367,,,,,,,,88.50000153705675,79.04285978771355,p168_1234.png
,,,,,,,,77.97039923312991,96.0555290986339,p168_27182.png
,,,,,,,,113.6026349455732,113.26517611622025,p168_31415.png
,,,,,,,,72.24758392308117,59.24585872660531,p168_42.png
419.72544324355476,,423.62236881077587,,,,,,87.1224218884584,88.6983168302078,p168_8675309.png
,,,,,,,,113.92036013280887,74.6146254042186,p169_1234.png
,,,,,,,,76.29706157010574,108.38136161577276,p169_27182.png
,,,,,,,,114.05466232074683,113.501614208927,p169_31415.png
,,,,,,,,176.0255557907607,93.37848620441035,p169_42.png
,,,,,,,,152.89293578605586,153.12205082822388,p169_8675309.png
,,,,,,,,185.76809514344873,93.00629761382919,p170_1234.png
,,,,,,,,141.39709013490372,34.46901759282708,p170_27182.png
,,,,,,,,97.86834312458936,103.47252949497464,p170_31415.png
,,,,,,,,159.79419425898857,151.17461263799808,p170_42.png
,,,,,,,,139.3152841812163,119.43604452034292,p170_8675309.png
352.976130472061,,377.41903948131153,,,,,,104.77243244550861,70.19378078330432,p171_1234.png
430.04977885838565,,,,,,,,78.7166605483441,108.31002670186056,p171_27182.png
315.7948641392734,,,,,,,,90.40805987649544,92.58066263268269,p171_31415.png
,,,,,,,,65.27240746807227,63.11929063815072,p171_42.png
,,449.6872213951607,401.0121771612951,,,,,69.55891241409188,74.2468465623744,p171_8675309.png
,,,,,,,,106.66068720198982,65.87124777768558,p172_1234.png
,,,,,,,,79.82573461940584,113.74424009402331,p172_27182.png
,,,,,,,,110.21519175293703,110.19589151217535,p172_31415.png
,,,,,,,,175.16206580163856,95.26363064428173,p172_42.png
,,,,,,,,87.56051005809293,130.0280891025918,p172_8675309.png
,,,,,,,,145.7291845079123,96.21871432692858,p173_1234.png
329.10584416096225,,336.92881772364046,,,,,,74.10053729912543,80.49851634112132,p173_27182.png
,,,,,,,,93.95759448505373,107.30622363382909,p173_31415.png
,,,,,,,,231.2559405729488,69.79696949937878,p173_42.png
,,,,,,,,136.87781265887614,144.33300619349498,p173_8675309.png
341.9320210638343,482.9796458088655,298.3346569905129,,,,,,101.90530097879913,66.98217322901088,p174_1234.png
,,,,,,,,77.93996607722465,109.46312049037888,p174_27182.png
,,,,,,,,136.5461124249732,130.86594272948173,p174_31415.png
,,,,,,,,180.5918874623834,104.57532673140042,p174_42.png
,,,,,,,,145.45013913631428,146.91505651523784,p174_8675309.png
,,,,,,,,165.97684320037874,121.81093014758589,p175_1234.png
,,,,,,,,76.59816159772724,109.96972797991805,p175_27182.png
,,,,,,,,187.5875773594643,82.11423606677802,p175_31415.png
,,,,,,,,183.67297625634927,109.43903519355078,p175_42.png
,,,,,,,,178.07401932364849,190.3343381329826,p175_8675309.png
,,,,,,,,204.39180691001746,94.79167423655451,p176_1234.png
,,,,,,,,159.336009762758,71.8329153667636,p176_27182.png
,,,,,,,,101.23334240995186,161.3773591604337,p176_31415.png
,,,,,,,,175.98508016392924,128.91961968928976,p176_42.png
,,,,,,,,157.6499279946971,163.0142772048618,p176_8675309.png
351.1949971959033,,352.7073916321344,,,,,,94.94839767705514,70.81349389435151,p177_1234.png
283.9675160558062,,,,,,,,80.6109968011963,104.74538716407761,p177_27182.png
,,,,,,,,114.72800889954293,115.69978806182783,p177_31415.png
,,,,,,,,75.39917296486534,49.948961711526636,p177_42.png
380.91905617226377,,399.8394413533001,,,,,,68.90521223976768,62.361731387767755,p177_8675309.png
,,,,,,,,125.46334645195454,100.04263860863492,p178_1234.png
,,,,,,,,66.07454552428514,108.39827791732537,p178_27182.png
,,,,,,,,134.96208650830343,134.9422173335949,p178_31415.png
,,,,,,,,186.82107699044252,111.97655804059735,p178_42.png
,,,,,,,,168.8687992632779,146.52073011305836,p178_8675309.png
,,,,,,,,198.53281137872466,95.6339799114275,p179_1234.png
,,,,,,,,70.82867479284036,81.7560055914095,p179_27182.png
,,,,,,,,99.9866344054907,150.54815040353046,p179_31415.png
,,,,,,,,134.41698773022054,141.2134752745586,p179_42.png
,,,,,,,,170.91273717256362,165.8908202176979,p179_8675309.png
390.94708572436946,,389.5629688569933,,,,,,105.91192799724693,68.48754549220794,p180_1234.png
322.2512459139686,,424.25365767403116,,452.9235876294955,,,,60.34759174383661,85.69597926203906,p180_27182.png
387.73526448690626,,,331.10813498999374,,,,,74.74224287023355,94.18564328628867,p180_31415.png
,,,,,,,,58.561002564359725,52.983899453754155,p180_42.png
,191.53777958097538,265.1453078098239,,,,,,52.43424179852604,46.74848270171143,p180_8675309.png
352.1781968236958,,339.10991884436453,,,,,,78.98519055702597,53.13094879709975,p181_1234.png
,,,,,,,,60.09478098011226,106.57927877631316,p181_27182.png
,,,,,,,,58.486197283414285,100.52286700161987,p181_31415.png
,,,,,,,,168.7758610828009,98.47733034709809,p181_42.png
244.55865758877866,,223.48364374399057,,,,,,56.48381587560504,48.7540758385988,p181_8675309.png
,,,,,,,,170.75509632122316,118.49702568735077,p182_1234.png
350.4926950232538,,343.21768054764357,,,,,,63.61784997428908,69.64075238215419,p182_27182.png
,,,,,,,,90.07357068347038,116.9811536014159,p182_31415.png
,,,,,,,,,,p182_42.png
,,,,,,,,79.39152954763662,154.9587883001809,p182_8675309.png
407.9081585341589,,381.3721463143727,,,,,,108.74553038118361,76.50993101245332,p183_1234.png
,,,,,,,,81.00648290135454,111.3951297516428,p183_27182.png
,,,,,,,,157.50041254575652,194.89729108094198,p183_31415.png
,,,,,,,,158.55486970780666,92.19751077437338,p183_42.png
,,,,,,,,183.01726585749424,159.04014446355293,p183_8675309.png
,,,,,,,,143.55011837482596,144.41708351109259,p184_1234.png
,,,,,,,,73.62633000858096,115.04021502174636,p184_27182.png
,,,,,,,,179.3364282724153,95.02567929860452,p184_31415.png
,,,,,,,,160.9510727241072,88.4192773510833,p184_42.png
,,,,,,,,178.71110829493026,188.30442012636567,p184_8675309.png
,,,,,,,,,,p185_1234.png
,,,,,,,,86.67048371200728,108.46739896363088,p185_27182.png
,,,,,,,,79.54863396205572,150.40721612504973,p185_31415.png
,,,,,,,,190.06934352054287,98.41063286967614,p185_42.png
,,,,,,,,148.68067310564055,144.48255432892856,p185_8675309.png
,,357.8906274046033,,,,,,98.67621527649915,70.68241791868977,p186_1234.png
333.07716273360893,,,,,,,,56.280885161656606,92.52288481543482,p186_27182.png
,,,,,,,,114.31627044617213,99.24597447403161,p186_31415.png
,,,,,,,,61.90478661405916,41.184556144555586,p186_42.png
330.9053321406329,186.5112631812378,321.8852542914893,207.96257027530217,248.55900349655795,,212.0648902092921,,55.48208114311776,51.490211095750794,p186_8675309.png
,,,,,,,,153.08884862360838,116.33115335900419,p187_1234.png
,,,,,,,,63.32630363467661,106.00797622152818,p187_27182.png
,,,,,,,,128.223061041258,129.73066953379276,p187_31415.png
,,,,,,,,168.73876533682886,93.0689798379837,p187_42.png
,,,,,,,,168.33359588338737,174.70499137583357,p187_8675309.png
,,,,,,,,131.83063235970732,100.93411964891081,p188_1234.png
,,,,,,,,81.57731770489055,86.49431273027025,p188_27182.png
,,,,,,,,98.22364636087126,150.59897744017263,p188_31415.png
,,,,,,,,156.91910107212735,116.57019309493914,p188_42.png
,,,,,,,,152.71388535130185,149.61466748509935,p188_8675309.png
,477.00173555997145,334.5802285383687,251.07496874661769,315.99099180588536,,507.530068170138,,,,p189_1234.png
468.7166403089659,486.15361733131476,489.20187468078416,,,,,,,,p189_27182.png
427.14137969339606,193.74796079733002,,515.4318894364692,465.9975339956213,,,,,,p189_31415.png
,,,,,,,,,,p189_42.png
,,364.20409818059056,197.6625658172948,,,,,,,p189_8675309.png
,347.7594613613205,,,,,,,,,p190_1234.png
,320.95522062840774,,320.29774232987126,485.8724915400858,,475.8146981026893,,,,p190_27182.png
,358.14351370036184,,499.2770941533677,,,,,,,p190_31415.png
,340.721652420905,302.65394383428463,298.64755680743735,435.432962349704,,440.53781416333953,,,,p190_42.png
,342.5543989924482,,310.8849889339269,,,,,,,p190_8675309.png
,,,,,,,,,,p191_1234.png
,,,,,,,,,,p191_27182.png
,,,,,,,,,,p191_31415.png
,,,,,,,,,,p191_42.png
,,,,,,,,,,p191_8675309.png
,,,,,,,,,,p192_1234.png
477.25829159542405,,,,,,,,,,p192_27182.png
,,,,,,,,,,p192_31415.png
,,,353.36282376869406,,,,,,,p192_42.png
,,,,,,,,,,p192_8675309.png
,410.6455158715122,,405.3662906537244,484.9215609851355,,492.43688712708206,,,,p193_1234.png
,318.2357451819963,,330.57586021434537,514.9234739159365,,506.58564116475446,,,,p193_27182.png
,396.39876709565834,,439.8464477036815,,,,,,,p193_31415.png
,439.1548357483619,,394.6238329906426,,,,,,,p193_42.png
,380.0653398495416,,366.71972435664156,,,,,,,p193_8675309.png
,,,,,,,,,,p194_1234.png
,,,,,,,,,,p194_27182.png
,685.1024909395804,,,,,,,,,p194_31415.png
,,,,,,,,,,p194_42.png
,,,,,,,,,,p194_8675309.png
463.1863517786303,445.97501842912635,426.7201722812315,,,,,,,,p195_1234.png
447.4674721082872,,,,,,,,,,p195_27182.png
565.296806969843,,,437.8157428040438,,,,,,,p195_31415.png
,,338.8446006414171,438.2242825322182,,,,,,,p195_42.png
,,,,,,,,,,p195_8675309.png
,,,,,,,,,,p196_1234.png
,291.28658091617257,,,500.7080282575431,,,,,,p196_27182.png
,346.34385923624313,,359.4935058666978,533.9123140574806,,541.5958724937753,,,,p196_31415.png
,340.7480366174797,272.9385153342978,299.66828238025863,,,468.9550683057838,,,,p196_42.png
,322.0892165426536,,284.358868002227,,,,,,,p196_8675309.png
,,,,,,,,,,p197_1234.png
,,,,,,,,,,p197_27182.png
,492.92491458429555,558.9810228815312,,,,,,,,p197_31415.png
,,,,,,,,,,p197_42.png
,,,,,,,,,,p197_8675309.png
,579.6725888140512,293.30052572222644,296.8968759298706,,,584.4976342146332,,,,p198_1234.png
397.84991737939265,,,,,,,657.0572779440041,,,p198_27182.png
,452.23109771849084,,,,,,,,,p198_31415.png
,,,,,,,,,,p198_42.png
,519.7931655815598,,,,,,,,,p198_8675309.png
,278.14752573482735,,,,,,,,,p199_1234.png
,318.5871493334778,,321.24310882784897,509.7658763564695,,496.1716743101396,,,,p199_27182.png
,358.5943559843453,,382.3366247911182,498.22654555652116,,,,,,p199_31415.png
,339.59525251802467,304.4657832720879,297.35692091118045,,,443.0145716584219,,,,p199_42.png
,336.42122277489966,,306.91128485303165,,,,,,,p199_8675309.png
,,,,,,,,,,p200_1234.png
,,,,,,,,,,p200_27182.png
,,,,,,,,,,p200_31415.png
,,,,,,,,,,p200_42.png
,,,,,778.4025483955614,,,,,p200_8675309.png
,,,,,,572.7168011811627,,,,p201_1234.png
481.9584486992462,,530.7334262152344,,,,,,,,p201_27182.png
,441.71523767145044,,,,,,,,,p201_31415.png
310.1035255519076,,,246.8993642564399,,,,,,,p201_42.png
,,,,,,,,,,p201_8675309.png
,370.293486640273,,369.07503409512543,473.48146178310174,,488.49854507586707,,,,p202_1234.png
,313.90107919354904,,311.8317591447417,538.3238022729104,,531.1584673107125,,,,p202_27182.png
,367.963440125511,,384.9684389318593,,,,,,,p202_31415.png
,357.8662295163257,,311.01503180846623,,,,,,,p202_42.png
,379.3162377697355,,367.82405527605835,,,,,,,p202_8675309.png
,,,,,,,,,,p203_1234.png
,,,,,,,,,,p203_27182.png
,,,,,,,,,,p203_31415.png
,,,,,,,,,,p203_42.png
,,,,,,,,,,p203_8675309.png
,,,,,,,,,,p204_1234.png
,,,,,,,,,,p204_27182.png
,,,,,,,,,,p204_31415.png
,,406.95542124012803,,,,,,,,p204_42.png
,,,,,,,,,,p204_8675309.png
,,,,,,472.92895617488546,,,,p205_1234.png
,293.7293723850363,,296.5957926359295,505.4946380330278,,490.48186205800243,,,,p205_27182.png
,319.64944392504,,340.3727600055337,,,,,,,p205_31415.png
,337.50782024120383,269.0052825536534,295.09855930434753,459.2619391370318,,467.8074244345382,,,,p205_42.png
,343.4546661264021,,307.54932449520993,,,,,,,p205_8675309.png
,,,,,,,,,,p206_1234.png
,,,,,,,,,,p206_27182.png
,,,,,,,,,,p206_31415.png
,,,,,,,,,,p206_42.png
,,,,,485.94223481004445,,582.7746173931558,,,p206_8675309.png
,,,341.4965221074625,,,,,119.321582992532,77.40231886468871,p207_1234.png
416.5143343397958,,,,,,,700.4592816645812,,,p207_27182.png
,491.26387650781413,,475.0104552612482,,,,,,,p207_31415.png
,,,,,,,759.9372013771402,,,p207_42.png
,,,,,,,,,,p207_8675309.png
,277.8202164337931,,,,283.74896554924135,,301.78905831437584,,,p208_1234.png
,283.7506573415189,,,,,472.4167709075429,,,,p208_27182.png
,301.03175265416274,,253.89091859474155,,,,,,,p208_31415.png
,340.03796203680344,303.78218706442044,298.70923441642515,448.91515615203116,,445.7208766297495,,,,p208_42.png
,340.5643819291315,,297.0222272185838,,,492.07799937727884,,,,p208_8675309.png
,,,,,,,,,,p209_1234.png
,,,,,,,,,,p209_27182.png
,,,,,,,,,,p209_31415.png
375.8406756893377,,,,,,,,,,p209_42.png
,,,,,513.2395227596036,,,,,p209_8675309.png
,642.3164118491488,427.66574910347293,,,,,,123.14116915662231,123.77879736515294,p210_1234.png
430.21722395448325,,,,,705.2109448540714,,723.0466439058301,,,p210_27182.png
,,533.5709371836916,,,,,,,,p210_31415.png
,,,258.7979960498269,,,,,,,p210_42.png
,,,,,,,,,,p210_8675309.png
,297.6965694985709,,291.7027666566159,,,,,,,p211_1234.png
,294.4027423669349,,305.81636001891013,,,525.9685781312648,,,,p211_27182.png
,360.4364356317073,,336.60280530352446,,,,,,,p211_31415.png
,324.3818386601994,,319.6714275900431,,,,,,,p211_42.png
,365.0850106646814,,304.29727067566006,,,,,,,p211_8675309.png
,,,,,,,,,,p212_1234.png
,,,,,,,,,,p212_27182.png
,,,,,,,,,,p212_31415.png
,,,,,,,,,,p212_42.png
,,,,,,,,,,p212_8675309.png
,,467.6629355263467,,,,,,129.9133948551631,118.52773219341806,p213_1234.png
,,,,,629.2210880790437,,639.0839590572773,,,p213_27182.png
,,522.0619720999126,395.52704240620955,,,,,,,p213_31415.png
,,,,,,,,,,p213_42.png
,331.9534533853767,,285.8745660689006,,,,,,,p213_8675309.png
,277.44961139222767,,248.18501782388586,,305.9365577570136,,302.0524300680974,,,p214_1234.png
,,,,,,430.8991444017213,,,,p214_27182.png
,324.34096489359035,,285.35147528818015,,,,,,,p214_31415.png
304.46441189484074,299.98776739954354,285.51169883741443,266.15858949556485,454.60850473350126,,455.528852193583,,,,p214_42.png
,350.51591121616883,,314.49046606570903,,,,,,,p214_8675309.png
,,,,,,,,,,p215_1234.png
,,,,,,,444.1911500846141,,,p215_27182.png
,,,,,,,,,,p215_31415.png
,,,,,,,,,,p215_42.png
,,,,,610.4111424128777,,672.6391042922692,,,p215_8675309.png
