File Name,Score
p000_1234.png,6.929481029510498
p000_27182.png,16.552330017089844
p000_31415.png,15.159784317016602
p000_42.png,9.05557632446289
p000_8675309.png,6.001613140106201
p001_1234.png,13.241026878356934
p001_27182.png,13.23965835571289
p001_31415.png,20.454328536987305
p001_42.png,11.353500366210938
p001_8675309.png,14.276519775390625
p002_1234.png,0.0
p002_27182.png,0.7229052782058716
p002_31415.png,0.0
p002_42.png,9.121167182922363
p002_8675309.png,6.826804161071777
p003_1234.png,14.241948127746582
p003_27182.png,12.49538803100586
p003_31415.png,13.551290512084961
p003_42.png,17.358110427856445
p003_8675309.png,8.428516387939453
p004_1234.png,27.384231567382812
p004_27182.png,25.784664154052734
p004_31415.png,29.281963348388672
p004_42.png,15.997583389282227
p004_8675309.png,26.597795486450195
p005_1234.png,0.0
p005_27182.png,0.0
p005_31415.png,0.0
p005_42.png,0.0
p005_8675309.png,0.0
p006_1234.png,8.076171875
p006_27182.png,10.48305606842041
p006_31415.png,9.572294235229492
p006_42.png,0.21496473252773285
p006_8675309.png,2.6168839931488037
p007_1234.png,0.0
p007_27182.png,7.7036452293396
p007_31415.png,5.544240951538086
p007_42.png,7.197157382965088
p007_8675309.png,3.930105686187744
p008_1234.png,0.0
p008_27182.png,0.0
p008_31415.png,0.0
p008_42.png,0.0
p008_8675309.png,0.0
p009_1234.png,8.043079376220703
p009_27182.png,14.549784660339355
p009_31415.png,3.5558691024780273
p009_42.png,4.5954790115356445
p009_8675309.png,2.771544933319092
p010_1234.png,3.241248369216919
p010_27182.png,8.022974014282227
p010_31415.png,11.028280258178711
p010_42.png,7.701761245727539
p010_8675309.png,6.08720064163208
p011_1234.png,0.0
p011_27182.png,0.0
p011_31415.png,3.3220221996307373
p011_42.png,4.683591842651367
p011_8675309.png,0.0
p012_1234.png,8.93655014038086
p012_27182.png,8.29708480834961
p012_31415.png,15.568886756896973
p012_42.png,5.890767574310303
p012_8675309.png,1.0605676174163818
p013_1234.png,24.486059188842773
p013_27182.png,15.930112838745117
p013_31415.png,14.935347557067871
p013_42.png,14.486661911010742
p013_8675309.png,22.53447914123535
p014_1234.png,0.0
p014_27182.png,4.011277675628662
p014_31415.png,0.0
p014_42.png,0.0
p014_8675309.png,0.0
p015_1234.png,4.999537467956543
p015_27182.png,11.409250259399414
p015_31415.png,3.8343300819396973
p015_42.png,0.0
p015_8675309.png,7.002410411834717
p016_1234.png,0.0
p016_27182.png,5.571240425109863
p016_31415.png,4.063900470733643
p016_42.png,0.35121461749076843
p016_8675309.png,1.3058754205703735
p017_1234.png,0.0
p017_27182.png,0.0
p017_31415.png,0.0
p017_42.png,0.0
p017_8675309.png,0.0
p018_1234.png,7.612738609313965
p018_27182.png,16.42450714111328
p018_31415.png,11.51638126373291
p018_42.png,8.143799781799316
p018_8675309.png,10.623969078063965
p019_1234.png,10.45807933807373
p019_27182.png,16.410816192626953
p019_31415.png,15.313688278198242
p019_42.png,18.213438034057617
p019_8675309.png,12.582878112792969
p020_1234.png,0.0
p020_27182.png,0.0
p020_31415.png,0.0
p020_42.png,5.340762615203857
p020_8675309.png,10.161355972290039
p021_1234.png,8.839643478393555
p021_27182.png,5.450170516967773
p021_31415.png,11.94803524017334
p021_42.png,3.4825854301452637
p021_8675309.png,0.0
p022_1234.png,22.300119400024414
p022_27182.png,27.213878631591797
p022_31415.png,18.371963500976562
p022_42.png,20.14565658569336
p022_8675309.png,11.53874683380127
p023_1234.png,0.0
p023_27182.png,0.0
p023_31415.png,0.0
p023_42.png,0.0
p023_8675309.png,0.0
p024_1234.png,8.784646987915039
p024_27182.png,14.306371688842773
p024_31415.png,12.441009521484375
p024_42.png,5.146576881408691
p024_8675309.png,9.33650016784668
p025_1234.png,9.056204795837402
p025_27182.png,9.547808647155762
p025_31415.png,14.365891456604004
p025_42.png,3.4039254188537598
p025_8675309.png,6.013273239135742
p026_1234.png,0.0
p026_27182.png,0.0
p026_31415.png,0.0
p026_42.png,0.0
p026_8675309.png,0.0
p027_1234.png,13.356040954589844
p027_27182.png,3.0886101722717285
p027_31415.png,15.568778038024902
p027_42.png,8.662165641784668
p027_8675309.png,3.673128843307495
p028_1234.png,13.672235488891602
p028_27182.png,1.9513455629348755
p028_31415.png,14.65814208984375
p028_42.png,3.0736324787139893
p028_8675309.png,2.7682440280914307
p029_1234.png,0.0
p029_27182.png,0.0
p029_31415.png,0.0
p029_42.png,6.71452522277832
p029_8675309.png,0.0
p030_1234.png,15.680734634399414
p030_27182.png,0.0
p030_31415.png,9.22878646850586
p030_42.png,5.7214226722717285
p030_8675309.png,13.629453659057617
p031_1234.png,0.0
p031_27182.png,1.6505975723266602
p031_31415.png,11.386062622070312
p031_42.png,0.0
p031_8675309.png,0.0
p032_1234.png,0.0
p032_27182.png,5.227821350097656
p032_31415.png,0.0
p032_42.png,0.0
p032_8675309.png,0.0
p033_1234.png,0.0
p033_27182.png,0.0
p033_31415.png,0.04207305982708931
p033_42.png,2.014930009841919
p033_8675309.png,0.0
p034_1234.png,0.0
p034_27182.png,0.0
p034_31415.png,0.0
p034_42.png,0.0
p034_8675309.png,0.0
p035_1234.png,0.0
p035_27182.png,13.606550216674805
p035_31415.png,0.0
p035_42.png,0.0
p035_8675309.png,0.0
p036_1234.png,5.1134209632873535
p036_27182.png,0.13772986829280853
p036_31415.png,9.96888256072998
p036_42.png,0.0
p036_8675309.png,9.307598114013672
p037_1234.png,11.416826248168945
p037_27182.png,10.603769302368164
p037_31415.png,12.019779205322266
p037_42.png,0.0
p037_8675309.png,4.675317764282227
p038_1234.png,0.0
p038_27182.png,0.0
p038_31415.png,3.3713114261627197
p038_42.png,0.0
p038_8675309.png,0.0
p039_1234.png,9.24459457397461
p039_27182.png,0.1374071091413498
p039_31415.png,6.817688465118408
p039_42.png,0.12339050322771072
p039_8675309.png,14.735520362854004
p040_1234.png,0.0
p040_27182.png,6.179077625274658
p040_31415.png,5.6794891357421875
p040_42.png,0.0
p040_8675309.png,0.0
p041_1234.png,0.0
p041_27182.png,5.1006975173950195
p041_31415.png,0.0
p041_42.png,0.0
p041_8675309.png,0.0
p042_1234.png,0.8373202085494995
p042_27182.png,0.0
p042_31415.png,0.9481411576271057
p042_42.png,0.0
p042_8675309.png,0.0
p043_1234.png,5.926797389984131
p043_27182.png,0.0
p043_31415.png,0.0
p043_42.png,0.0
p043_8675309.png,0.0
p044_1234.png,0.0
p044_27182.png,0.0
p044_31415.png,0.0
p044_42.png,0.0
p044_8675309.png,0.0
p045_1234.png,10.081788063049316
p045_27182.png,1.8436810970306396
p045_31415.png,1.3622546195983887
p045_42.png,3.722419500350952
p045_8675309.png,2.8612942695617676
p046_1234.png,9.897294998168945
p046_27182.png,0.0
p046_31415.png,6.715742588043213
p046_42.png,11.684250831604004
p046_8675309.png,8.429945945739746
p047_1234.png,0.0
p047_27182.png,0.0
p047_31415.png,0.0
p047_42.png,0.0
p047_8675309.png,2.7648019790649414
p048_1234.png,14.712444305419922
p048_27182.png,0.391794353723526
p048_31415.png,5.904956340789795
p048_42.png,0.0
p048_8675309.png,11.390774726867676
p049_1234.png,19.739978790283203
p049_27182.png,4.73225736618042
p049_31415.png,0.0
p049_42.png,0.0
p049_8675309.png,0.0
p050_1234.png,0.0
p050_27182.png,0.0
p050_31415.png,0.0
p050_42.png,0.0
p050_8675309.png,0.0
p051_1234.png,0.0
p051_27182.png,0.0
p051_31415.png,7.533563137054443
p051_42.png,4.575265884399414
p051_8675309.png,1.36808180809021
p052_1234.png,0.03538533300161362
p052_27182.png,0.0
p052_31415.png,0.0
p052_42.png,0.0
p052_8675309.png,1.6880804300308228
p053_1234.png,0.0
p053_27182.png,0.0
p053_31415.png,0.0
p053_42.png,0.0
p053_8675309.png,0.0
p054_1234.png,0.0
p054_27182.png,0.0
p054_31415.png,4.437715530395508
p054_42.png,0.0
p054_8675309.png,2.332517623901367
p055_1234.png,5.02427339553833
p055_27182.png,0.0
p055_31415.png,0.0
p055_42.png,3.0045039653778076
p055_8675309.png,0.0
p056_1234.png,0.0
p056_27182.png,2.924990653991699
p056_31415.png,4.358725547790527
p056_42.png,0.0
p056_8675309.png,5.492352485656738
p057_1234.png,0.0
p057_27182.png,13.75455379486084
p057_31415.png,1.329979419708252
p057_42.png,8.02005386352539
p057_8675309.png,0.0
p058_1234.png,0.0
p058_27182.png,0.0
p058_31415.png,2.2379310131073
p058_42.png,2.262516975402832
p058_8675309.png,0.0
p059_1234.png,0.0
p059_27182.png,3.05678653717041
p059_31415.png,2.071323871612549
p059_42.png,0.0
p059_8675309.png,0.0
p060_1234.png,0.0
p060_27182.png,0.0
p060_31415.png,0.0
p060_42.png,0.0
p060_8675309.png,0.0
p061_1234.png,0.0
p061_27182.png,0.0
p061_31415.png,0.0
p061_42.png,0.0
p061_8675309.png,0.0
p062_1234.png,0.0
p062_27182.png,4.428442478179932
p062_31415.png,0.0
p062_42.png,0.0
p062_8675309.png,0.0
p063_1234.png,0.0
p063_27182.png,0.0
p063_31415.png,4.7468132972717285
p063_42.png,0.0
p063_8675309.png,4.344440460205078
p064_1234.png,0.0
p064_27182.png,0.0
p064_31415.png,0.0
p064_42.png,0.0
p064_8675309.png,0.0
p065_1234.png,0.0
p065_27182.png,0.0
p065_31415.png,0.0
p065_42.png,0.0
p065_8675309.png,0.0
p066_1234.png,0.0
p066_27182.png,0.46175140142440796
p066_31415.png,2.2957470417022705
p066_42.png,0.0
p066_8675309.png,0.0
p067_1234.png,0.0
p067_27182.png,0.0
p067_31415.png,0.0
p067_42.png,0.0
p067_8675309.png,0.0
p068_1234.png,0.0
p068_27182.png,0.21625801920890808
p068_31415.png,2.6806674003601074
p068_42.png,0.0
p068_8675309.png,0.6302865147590637
p069_1234.png,0.0
p069_27182.png,0.0
p069_31415.png,0.0
p069_42.png,0.0
p069_8675309.png,0.0
p070_1234.png,0.0
p070_27182.png,0.0
p070_31415.png,0.0
p070_42.png,0.0
p070_8675309.png,0.0
p071_1234.png,1.320142149925232
p071_27182.png,0.0
p071_31415.png,0.0
p071_42.png,0.0
p071_8675309.png,0.0
p072_1234.png,3.8152904510498047
p072_27182.png,0.0
p072_31415.png,0.4759179651737213
p072_42.png,0.0
p072_8675309.png,0.0
p073_1234.png,4.378866195678711
p073_27182.png,0.0
p073_31415.png,0.0
p073_42.png,3.382472276687622
p073_8675309.png,0.0
p074_1234.png,0.0
p074_27182.png,0.0
p074_31415.png,0.0
p074_42.png,0.0
p074_8675309.png,0.0
p075_1234.png,0.0
p075_27182.png,0.0
p075_31415.png,2.135815143585205
p075_42.png,0.0
p075_8675309.png,0.0
p076_1234.png,0.0
p076_27182.png,0.5815802812576294
p076_31415.png,0.0
p076_42.png,0.0
p076_8675309.png,0.0
p077_1234.png,0.0
p077_27182.png,0.0
p077_31415.png,0.0
p077_42.png,0.0
p077_8675309.png,0.0
p078_1234.png,0.0
p078_27182.png,0.0
p078_31415.png,0.0
p078_42.png,0.0
p078_8675309.png,0.0
p079_1234.png,0.0
p079_27182.png,0.0
p079_31415.png,0.0
p079_42.png,0.0
p079_8675309.png,0.0
p080_1234.png,0.0
p080_27182.png,0.0
p080_31415.png,0.0
p080_42.png,0.0
p080_8675309.png,0.0
p081_1234.png,26.966154098510742
p081_27182.png,19.8222599029541
p081_31415.png,13.01965045928955
p081_42.png,17.1597957611084
p081_8675309.png,8.87233829498291
p082_1234.png,24.389251708984375
p082_27182.png,28.55843162536621
p082_31415.png,23.417190551757812
p082_42.png,16.24519157409668
p082_8675309.png,12.309733390808105
p083_1234.png,9.91628360748291
p083_27182.png,9.775306701660156
p083_31415.png,13.662043571472168
p083_42.png,0.0
p083_8675309.png,0.0
p084_1234.png,2.0664405822753906
p084_27182.png,14.506691932678223
p084_31415.png,5.29833984375
p084_42.png,4.138652324676514
p084_8675309.png,5.485912799835205
p085_1234.png,16.53292465209961
p085_27182.png,9.525809288024902
p085_31415.png,11.068503379821777
p085_42.png,11.762310028076172
p085_8675309.png,22.657621383666992
p086_1234.png,0.0
p086_27182.png,0.0
p086_31415.png,0.0
p086_42.png,0.0
p086_8675309.png,0.0
p087_1234.png,0.0
p087_27182.png,0.0
p087_31415.png,0.0
p087_42.png,0.0
p087_8675309.png,0.0
p088_1234.png,2.657646417617798
p088_27182.png,0.0
p088_31415.png,0.0
p088_42.png,0.0
p088_8675309.png,0.0
p089_1234.png,0.0
p089_27182.png,0.0
p089_31415.png,0.0
p089_42.png,1.798033595085144
p089_8675309.png,0.0
p090_1234.png,0.0
p090_27182.png,9.788522720336914
p090_31415.png,18.575117111206055
p090_42.png,13.053799629211426
p090_8675309.png,5.73378324508667
p091_1234.png,10.418183326721191
p091_27182.png,21.83409309387207
p091_31415.png,0.0
p091_42.png,13.34347915649414
p091_8675309.png,12.974804878234863
p092_1234.png,0.0
p092_27182.png,4.953094005584717
p092_31415.png,0.0
p092_42.png,0.0
p092_8675309.png,0.0
p093_1234.png,0.0
p093_27182.png,4.087588310241699
p093_31415.png,2.70196533203125
p093_42.png,0.0
p093_8675309.png,0.0
p094_1234.png,6.891634941101074
p094_27182.png,7.019428253173828
p094_31415.png,11.872641563415527
p094_42.png,0.0
p094_8675309.png,2.8171722888946533
p095_1234.png,0.0
p095_27182.png,0.0
p095_31415.png,0.0
p095_42.png,0.0
p095_8675309.png,0.0
p096_1234.png,0.0
p096_27182.png,0.0
p096_31415.png,0.0
p096_42.png,0.0
p096_8675309.png,0.0
p097_1234.png,0.0
p097_27182.png,0.0
p097_31415.png,0.0
p097_42.png,0.0
p097_8675309.png,0.0
p098_1234.png,0.0
p098_27182.png,0.0
p098_31415.png,0.0
p098_42.png,0.0
p098_8675309.png,0.0
p099_1234.png,0.1846216320991516
p099_27182.png,17.367372512817383
p099_31415.png,15.437849044799805
p099_42.png,2.5306649208068848
p099_8675309.png,8.499642372131348
p100_1234.png,5.403115272521973
p100_27182.png,13.03041934967041
p100_31415.png,3.119622230529785
p100_42.png,5.190816402435303
p100_8675309.png,21.755979537963867
p101_1234.png,0.0
p101_27182.png,5.03861141204834
p101_31415.png,0.0
p101_42.png,0.0
p101_8675309.png,0.0
p102_1234.png,2.34668231010437
p102_27182.png,0.0
p102_31415.png,0.0
p102_42.png,4.361664295196533
p102_8675309.png,0.0
p103_1234.png,0.0
p103_27182.png,1.6288158893585205
p103_31415.png,1.714948296546936
p103_42.png,2.7404892444610596
p103_8675309.png,0.0
p104_1234.png,0.0
p104_27182.png,0.0
p104_31415.png,0.0
p104_42.png,0.0
p104_8675309.png,0.0
p105_1234.png,0.0
p105_27182.png,8.61539077758789
p105_31415.png,0.0
p105_42.png,4.827899932861328
p105_8675309.png,0.0
p106_1234.png,0.0
p106_27182.png,0.0
p106_31415.png,0.0
p106_42.png,0.0
p106_8675309.png,0.0
p107_1234.png,0.0
p107_27182.png,0.0
p107_31415.png,0.0
p107_42.png,0.0
p107_8675309.png,0.0
p108_1234.png,13.504697799682617
p108_27182.png,17.632905960083008
p108_31415.png,21.5046329498291
p108_42.png,4.62495756149292
p108_8675309.png,11.940361976623535
p109_1234.png,27.37738037109375
p109_27182.png,31.274837493896484
p109_31415.png,27.822839736938477
p109_42.png,19.476957321166992
p109_8675309.png,16.015506744384766
p110_1234.png,0.0
p110_27182.png,0.43504056334495544
p110_31415.png,0.0
p110_42.png,0.0
p110_8675309.png,0.6818535923957825
p111_1234.png,0.0
p111_27182.png,8.622570991516113
p111_31415.png,11.402056694030762
p111_42.png,4.783174514770508
p111_8675309.png,15.436186790466309
p112_1234.png,0.0
p112_27182.png,17.487728118896484
p112_31415.png,16.094881057739258
p112_42.png,19.366588592529297
p112_8675309.png,22.219844818115234
p113_1234.png,0.0
p113_27182.png,0.0
p113_31415.png,0.0
p113_42.png,0.0
p113_8675309.png,0.0
p114_1234.png,0.4003891050815582
p114_27182.png,9.636933326721191
p114_31415.png,5.588181972503662
p114_42.png,7.25868034362793
p114_8675309.png,0.0
p115_1234.png,6.923198223114014
p115_27182.png,15.716322898864746
p115_31415.png,17.212034225463867
p115_42.png,5.138791561126709
p115_8675309.png,4.076914310455322
p116_1234.png,0.0
p116_27182.png,0.0
p116_31415.png,0.0
p116_42.png,0.0
p116_8675309.png,0.0
p117_1234.png,5.113053321838379
p117_27182.png,5.78704309463501
p117_31415.png,10.144242286682129
p117_42.png,9.191760063171387
p117_8675309.png,3.608109951019287
p118_1234.png,19.091693878173828
p118_27182.png,14.52373218536377
p118_31415.png,22.2542781829834
p118_42.png,13.428506851196289
p118_8675309.png,10.690526962280273
p119_1234.png,0.0
p119_27182.png,0.0
p119_31415.png,0.0
p119_42.png,0.0
p119_8675309.png,10.564347267150879
p120_1234.png,14.719372749328613
p120_27182.png,3.588541269302368
p120_31415.png,9.30022144317627
p120_42.png,0.0
p120_8675309.png,0.0
p121_1234.png,0.0
p121_27182.png,11.385309219360352
p121_31415.png,11.372466087341309
p121_42.png,10.777100563049316
p121_8675309.png,0.0
p122_1234.png,0.0
p122_27182.png,4.49903678894043
p122_31415.png,0.0
p122_42.png,0.0
p122_8675309.png,0.0
p123_1234.png,0.0
p123_27182.png,10.743724822998047
p123_31415.png,0.0
p123_42.png,0.0
p123_8675309.png,0.0
p124_1234.png,2.402045726776123
p124_27182.png,11.005982398986816
p124_31415.png,10.799080848693848
p124_42.png,0.0
p124_8675309.png,1.656348466873169
p125_1234.png,0.0
p125_27182.png,0.0
p125_31415.png,0.0
p125_42.png,0.0
p125_8675309.png,0.0
p126_1234.png,16.24587631225586
p126_27182.png,12.113323211669922
p126_31415.png,5.377296447753906
p126_42.png,19.634536743164062
p126_8675309.png,5.7697882652282715
p127_1234.png,17.231473922729492
p127_27182.png,24.40952491760254
p127_31415.png,22.94355583190918
p127_42.png,27.72140121459961
p127_8675309.png,17.710100173950195
p128_1234.png,1.6615005731582642
p128_27182.png,0.0
p128_31415.png,0.0
p128_42.png,5.937183380126953
p128_8675309.png,15.607803344726562
p129_1234.png,2.5899453163146973
p129_27182.png,0.36875584721565247
p129_31415.png,5.014466285705566
p129_42.png,0.1616458147764206
p129_8675309.png,0.0
p130_1234.png,0.0
p130_27182.png,20.9868221282959
p130_31415.png,17.79300308227539
p130_42.png,16.798686981201172
p130_8675309.png,0.0
p131_1234.png,0.0
p131_27182.png,0.0
p131_31415.png,0.0
p131_42.png,0.10189136862754822
p131_8675309.png,0.0
p132_1234.png,6.650050640106201
p132_27182.png,15.477997779846191
p132_31415.png,26.733774185180664
p132_42.png,29.024391174316406
p132_8675309.png,0.0
p133_1234.png,5.8673577308654785
p133_27182.png,15.246724128723145
p133_31415.png,14.981050491333008
p133_42.png,12.763985633850098
p133_8675309.png,13.670472145080566
p134_1234.png,0.0
p134_27182.png,0.0
p134_31415.png,0.0
p134_42.png,0.0
p134_8675309.png,0.9491925239562988
p135_1234.png,0.0
p135_27182.png,0.0
p135_31415.png,1.2371234893798828
p135_42.png,0.0
p135_8675309.png,3.8743948936462402
p136_1234.png,7.472355365753174
p136_27182.png,3.1793057918548584
p136_31415.png,12.187237739562988
p136_42.png,9.418279647827148
p136_8675309.png,5.430240631103516
p137_1234.png,0.4344518780708313
p137_27182.png,0.0
p137_31415.png,0.0
p137_42.png,0.0
p137_8675309.png,0.0
p138_1234.png,6.789887428283691
p138_27182.png,0.0
p138_31415.png,11.65015983581543
p138_42.png,3.77130389213562
p138_8675309.png,9.936819076538086
p139_1234.png,9.851341247558594
p139_27182.png,0.9673973321914673
p139_31415.png,0.0
p139_42.png,0.0
p139_8675309.png,5.4608564376831055
p140_1234.png,0.0
p140_27182.png,10.907052040100098
p140_31415.png,0.0
p140_42.png,2.4438114166259766
p140_8675309.png,8.562979698181152
p141_1234.png,0.0
p141_27182.png,0.0
p141_31415.png,0.0
p141_42.png,0.0
p141_8675309.png,0.0
p142_1234.png,0.9940623641014099
p142_27182.png,0.0
p142_31415.png,0.0
p142_42.png,0.0
p142_8675309.png,0.0
p143_1234.png,1.719700813293457
p143_27182.png,0.0
p143_31415.png,0.0
p143_42.png,0.0
p143_8675309.png,0.0
p144_1234.png,0.0
p144_27182.png,0.0
p144_31415.png,0.0
p144_42.png,0.0
p144_8675309.png,1.2664868831634521
p145_1234.png,0.0
p145_27182.png,0.0
p145_31415.png,0.0
p145_42.png,0.0
p145_8675309.png,0.0
p146_1234.png,0.0
p146_27182.png,0.0
p146_31415.png,0.0
p146_42.png,0.0
p146_8675309.png,0.0
p147_1234.png,10.790128707885742
p147_27182.png,3.1828653812408447
p147_31415.png,12.695158004760742
p147_42.png,0.0
p147_8675309.png,12.795609474182129
p148_1234.png,0.0
p148_27182.png,1.4782129526138306
p148_31415.png,0.0
p148_42.png,0.0
p148_8675309.png,0.0
p149_1234.png,0.0
p149_27182.png,12.176634788513184
p149_31415.png,0.0
p149_42.png,0.0
p149_8675309.png,4.700935363769531
p150_1234.png,0.0
p150_27182.png,0.0
p150_31415.png,0.0
p150_42.png,0.0
p150_8675309.png,0.0
p151_1234.png,0.0
p151_27182.png,0.0
p151_31415.png,0.0
p151_42.png,0.0
p151_8675309.png,0.0
p152_1234.png,0.0
p152_27182.png,0.0
p152_31415.png,0.0
p152_42.png,0.0
p152_8675309.png,0.0
p153_1234.png,0.0
p153_27182.png,0.0
p153_31415.png,0.0
p153_42.png,0.0
p153_8675309.png,2.133465051651001
p154_1234.png,0.0
p154_27182.png,10.299077987670898
p154_31415.png,13.421080589294434
p154_42.png,19.550596237182617
p154_8675309.png,9.941283226013184
p155_1234.png,0.0
p155_27182.png,0.0
p155_31415.png,0.0
p155_42.png,0.0
p155_8675309.png,0.0
p156_1234.png,6.4413957595825195
p156_27182.png,0.0
p156_31415.png,11.24142074584961
p156_42.png,0.0
p156_8675309.png,0.0
p157_1234.png,0.0
p157_27182.png,0.0
p157_31415.png,1.0125199556350708
p157_42.png,3.9109323024749756
p157_8675309.png,0.0
p158_1234.png,0.0
p158_27182.png,6.2104668617248535
p158_31415.png,0.0
p158_42.png,0.0
p158_8675309.png,0.0
p159_1234.png,0.0
p159_27182.png,0.0
p159_31415.png,0.0
p159_42.png,9.543203353881836
p159_8675309.png,0.0
p160_1234.png,0.0
p160_27182.png,0.0
p160_31415.png,0.0
p160_42.png,1.8461185693740845
p160_8675309.png,0.0
p161_1234.png,0.0
p161_27182.png,0.0
p161_31415.png,9.185577392578125
p161_42.png,0.0
p161_8675309.png,0.0
p162_1234.png,9.75034236907959
p162_27182.png,0.0
p162_31415.png,0.0
p162_42.png,0.0
p162_8675309.png,0.0
p163_1234.png,7.920865058898926
p163_27182.png,5.258942604064941
p163_31415.png,1.2105801105499268
p163_42.png,14.890532493591309
p163_8675309.png,0.0
p164_1234.png,0.0
p164_27182.png,0.0
p164_31415.png,0.0
p164_42.png,0.0
p164_8675309.png,0.0
p165_1234.png,9.946123123168945
p165_27182.png,5.386773586273193
p165_31415.png,0.0
p165_42.png,1.219780445098877
p165_8675309.png,0.0
p166_1234.png,0.0
p166_27182.png,2.6437737941741943
p166_31415.png,0.0
p166_42.png,0.0
p166_8675309.png,0.0
p167_1234.png,9.219202041625977
p167_27182.png,1.0961071252822876
p167_31415.png,8.614490509033203
p167_42.png,8.592302322387695
p167_8675309.png,7.965038299560547
p168_1234.png,0.0
p168_27182.png,0.0
p168_31415.png,0.0
p168_42.png,0.0
p168_8675309.png,0.0
p169_1234.png,0.0
p169_27182.png,0.0
p169_31415.png,0.0
p169_42.png,0.0
p169_8675309.png,0.0
p170_1234.png,0.0
p170_27182.png,0.0
p170_31415.png,0.0
p170_42.png,0.0
p170_8675309.png,0.0
p171_1234.png,0.0
p171_27182.png,0.0
p171_31415.png,0.0
p171_42.png,0.0
p171_8675309.png,0.0
p172_1234.png,0.0
p172_27182.png,0.0
p172_31415.png,0.0
p172_42.png,0.0
p172_8675309.png,0.0
p173_1234.png,0.0
p173_27182.png,0.0
p173_31415.png,0.0
p173_42.png,0.0
p173_8675309.png,0.0
p174_1234.png,0.0
p174_27182.png,0.0
p174_31415.png,0.0
p174_42.png,0.0
p174_8675309.png,0.0
p175_1234.png,0.0
p175_27182.png,0.0
p175_31415.png,2.7623424530029297
p175_42.png,0.0
p175_8675309.png,0.0
p176_1234.png,3.595842123031616
p176_27182.png,0.0
p176_31415.png,7.08978796005249
p176_42.png,3.873406410217285
p176_8675309.png,0.0
p177_1234.png,0.0
p177_27182.png,0.0
p177_31415.png,0.0
p177_42.png,0.0
p177_8675309.png,0.0
p178_1234.png,0.0
p178_27182.png,0.0
p178_31415.png,0.0
p178_42.png,0.0
p178_8675309.png,0.0
p179_1234.png,0.0
p179_27182.png,0.0
p179_31415.png,2.4945638179779053
p179_42.png,0.0
p179_8675309.png,0.0
p180_1234.png,0.01547027938067913
p180_27182.png,0.0
p180_31415.png,0.0
p180_42.png,0.0
p180_8675309.png,0.0
p181_1234.png,0.0
p181_27182.png,0.0
p181_31415.png,0.0
p181_42.png,0.0
p181_8675309.png,0.0
p182_1234.png,0.0
p182_27182.png,0.0
p182_31415.png,0.0
p182_42.png,0.46338459849357605
p182_8675309.png,0.0
p183_1234.png,0.0
p183_27182.png,0.0
p183_31415.png,0.0
p183_42.png,0.0
p183_8675309.png,0.0
p184_1234.png,0.0
p184_27182.png,0.0
p184_31415.png,2.376781940460205
p184_42.png,0.0
p184_8675309.png,0.0
p185_1234.png,5.413876533508301
p185_27182.png,3.5122182369232178
p185_31415.png,7.33875846862793
p185_42.png,8.723312377929688
p185_8675309.png,0.0
p186_1234.png,0.0
p186_27182.png,0.0
p186_31415.png,0.0
p186_42.png,0.0
p186_8675309.png,0.0
p187_1234.png,0.0
p187_27182.png,0.0
p187_31415.png,0.0
p187_42.png,0.0
p187_8675309.png,0.0
p188_1234.png,0.0
p188_27182.png,0.0
p188_31415.png,0.0
p188_42.png,0.0
p188_8675309.png,0.0
p189_1234.png,0.0
p189_27182.png,0.0
p189_31415.png,5.257599353790283
p189_42.png,7.943821907043457
p189_8675309.png,0.0
p190_1234.png,9.168936729431152
p190_27182.png,10.811753273010254
p190_31415.png,10.309562683105469
p190_42.png,1.7824400663375854
p190_8675309.png,0.0
p191_1234.png,0.0
p191_27182.png,5.519202709197998
p191_31415.png,0.0
p191_42.png,0.0
p191_8675309.png,0.0
p192_1234.png,0.0
p192_27182.png,0.0
p192_31415.png,0.0
p192_42.png,0.0
p192_8675309.png,0.0
p193_1234.png,0.0
p193_27182.png,0.0
p193_31415.png,0.0
p193_42.png,0.0
p193_8675309.png,0.0
p194_1234.png,0.0
p194_27182.png,0.0
p194_31415.png,0.0
p194_42.png,0.0
p194_8675309.png,0.0
p195_1234.png,3.0921783447265625
p195_27182.png,0.0
p195_31415.png,2.219562530517578
p195_42.png,0.0
p195_8675309.png,0.0
p196_1234.png,0.0
p196_27182.png,0.0
p196_31415.png,0.0
p196_42.png,0.0
p196_8675309.png,0.0
p197_1234.png,0.0
p197_27182.png,0.0
p197_31415.png,0.0
p197_42.png,0.0
p197_8675309.png,0.0
p198_1234.png,0.0
p198_27182.png,0.0
p198_31415.png,0.0
p198_42.png,0.0
p198_8675309.png,0.0
p199_1234.png,0.0
p199_27182.png,0.0
p199_31415.png,2.4524118900299072
p199_42.png,0.0
p199_8675309.png,0.0
p200_1234.png,0.0
p200_27182.png,0.0
p200_31415.png,0.25806957483291626
p200_42.png,0.0
p200_8675309.png,0.0
p201_1234.png,0.0
p201_27182.png,0.0
p201_31415.png,0.0
p201_42.png,0.0
p201_8675309.png,0.0
p202_1234.png,0.0
p202_27182.png,0.0
p202_31415.png,0.0
p202_42.png,0.0
p202_8675309.png,0.0
p203_1234.png,0.0
p203_27182.png,0.0
p203_31415.png,0.0
p203_42.png,0.0
p203_8675309.png,0.0
p204_1234.png,0.0
p204_27182.png,0.0
p204_31415.png,0.0
p204_42.png,0.0
p204_8675309.png,0.0
p205_1234.png,0.0
p205_27182.png,0.0
p205_31415.png,0.0
p205_42.png,0.0
p205_8675309.png,0.0
p206_1234.png,0.0
p206_27182.png,0.0
p206_31415.png,0.0
p206_42.png,0.0
p206_8675309.png,0.0
p207_1234.png,14.88825798034668
p207_27182.png,0.0
p207_31415.png,5.598300457000732
p207_42.png,0.0
p207_8675309.png,0.0
p208_1234.png,2.3882298469543457
p208_27182.png,8.313545227050781
p208_31415.png,0.0
p208_42.png,0.0
p208_8675309.png,5.016451835632324
p209_1234.png,0.0
p209_27182.png,0.0
p209_31415.png,0.0
p209_42.png,0.0
p209_8675309.png,0.0
p210_1234.png,0.0
p210_27182.png,0.0
p210_31415.png,0.0
p210_42.png,0.0
p210_8675309.png,0.0
p211_1234.png,0.0
p211_27182.png,0.0
p211_31415.png,0.0
p211_42.png,0.0
p211_8675309.png,0.0
p212_1234.png,0.0
p212_27182.png,0.0
p212_31415.png,0.0
p212_42.png,0.0
p212_8675309.png,0.0
p213_1234.png,0.0
p213_27182.png,0.0
p213_31415.png,0.0
p213_42.png,14.9905424118042
p213_8675309.png,0.0
p214_1234.png,0.0
p214_27182.png,0.0
p214_31415.png,0.0
p214_42.png,0.0
p214_8675309.png,0.0
p215_1234.png,0.0
p215_27182.png,0.0
p215_31415.png,0.0
p215_42.png,0.0
p215_8675309.png,0.0
